,Xdist,Ydist,backhand,forehand,hammer,completion
0,8.0,0.0,1,0,0,1.0
1,-1.0,16.0,1,0,0,1.0
2,7.0,9.0,1,0,0,1.0
3,14.0,4.0,1,0,0,1.0
4,-12.0,-4.0,0,1,0,1.0
5,-1.0,-20.0,0,1,0,1.0
6,1.0,17.0,1,0,0,1.0
7,12.0,4.0,1,0,0,1.0
8,5.0,-5.0,1,0,0,1.0
9,-8.0,-1.0,0,1,0,1.0
10,10.0,-9.0,1,0,0,1.0
11,7.0,-4.0,1,0,0,1.0
12,2.0,9.0,1,0,0,1.0
13,-1.0,-13.0,0,1,0,1.0
14,17.0,3.0,1,0,0,1.0
15,-11.0,-1.0,1,0,0,1.0
16,10.0,0.0,1,0,0,1.0
17,7.0,0.0,1,0,0,1.0
18,6.0,-2.0,1,0,0,1.0
20,-1.0,5.0,1,0,0,1.0
21,4.0,-3.0,1,0,0,1.0
22,-8.0,-6.0,1,0,0,1.0
23,0.0,6.0,0,1,0,1.0
24,0.0,11.0,0,1,0,1.0
25,6.0,-7.0,1,0,0,1.0
26,-9.0,-9.0,1,0,0,1.0
27,-21.0,2.0,0,1,0,1.0
28,-41.0,5.0,0,0,1,1.0
29,-10.0,-7.0,1,0,0,1.0
30,5.0,7.0,1,0,0,1.0
31,-1.0,-6.0,1,0,0,1.0
32,0.0,10.0,1,0,0,1.0
33,0.0,-16.0,1,0,0,1.0
34,3.0,12.0,1,0,0,1.0
35,-11.0,18.0,0,1,0,1.0
36,-3.0,-7.0,1,0,0,1.0
37,-8.0,1.0,1,0,0,1.0
38,-6.0,4.0,1,0,0,0.0
39,-35.0,15.0,0,1,0,1.0
40,-5.0,0.0,1,0,0,1.0
41,1.0,-9.0,1,0,0,1.0
42,-10.0,10.0,0,1,0,1.0
43,8.0,-2.0,1,0,0,1.0
44,-52.0,-27.0,1,0,0,1.0
45,-13.0,0.0,1,0,0,1.0
46,8.0,0.0,0,1,0,1.0
47,-14.0,0.0,1,0,0,1.0
48,-10.0,5.0,1,0,0,1.0
49,-15.0,-12.0,1,0,0,1.0
50,1.0,12.0,1,0,0,1.0
51,-1.0,-9.0,1,0,0,1.0
52,9.0,0.0,0,1,0,1.0
53,-14.0,10.0,0,1,0,1.0
54,-5.0,16.0,0,1,0,1.0
55,11.0,-3.0,1,0,0,1.0
56,0.0,-17.0,1,0,0,1.0
57,-6.0,-15.0,1,0,0,0.0
58,13.0,-13.0,1,0,0,1.0
59,-7.0,14.0,0,1,0,1.0
60,0.0,-19.0,0,1,0,1.0
61,-6.0,-15.0,1,0,0,0.0
62,-33.0,-30.0,1,0,0,1.0
63,7.0,5.0,1,0,0,1.0
64,3.0,-5.0,1,0,0,1.0
65,4.0,-5.0,1,0,0,1.0
66,4.0,6.0,1,0,0,1.0
67,-6.0,19.0,0,1,0,1.0
68,-20.0,5.0,0,1,0,1.0
69,-2.0,-7.0,1,0,0,1.0
70,-17.0,16.0,0,1,0,1.0
71,-10.0,-5.0,1,0,0,1.0
72,6.0,-3.0,1,0,0,1.0
73,-7.0,-3.0,0,1,0,1.0
74,-2.0,5.0,1,0,0,1.0
75,0.0,-11.0,1,0,0,1.0
76,-23.0,15.0,0,1,0,1.0
77,-2.0,-8.0,1,0,0,1.0
78,-13.0,11.0,0,1,0,1.0
79,0.0,-14.0,1,0,0,1.0
80,-19.0,7.0,0,1,0,1.0
81,3.0,-13.0,1,0,0,1.0
82,-4.0,-14.0,1,0,0,1.0
83,-15.0,2.0,0,0,0,1.0
84,-14.0,33.0,0,1,0,1.0
85,-22.0,0.0,0,1,0,0.0
86,-5.0,1.0,1,0,0,1.0
87,-2.0,6.0,1,0,0,1.0
88,1.0,8.0,1,0,0,1.0
89,-52.5,20.5,0,1,0,0.0
90,-1.5,15.5,1,0,0,1.0
91,-4.0,14.0,0,1,0,1.0
92,-15.0,-6.0,0,1,0,1.0
93,9.0,8.0,0,1,0,1.0
94,-3.0,-12.0,1,0,0,1.0
95,-14.0,4.0,0,1,0,1.0
96,8.0,1.0,1,0,0,1.0
97,-4.0,8.0,1,0,0,1.0
98,-12.0,4.0,0,1,0,1.0
99,8.0,-7.0,1,0,0,1.0
100,-14.0,-15.0,0,1,0,1.0
101,-8.0,8.0,0,1,0,1.0
102,1.0,-8.0,1,0,0,1.0
103,-7.0,-3.0,1,0,0,1.0
104,-2.0,-7.0,1,0,0,1.0
105,-6.0,-3.0,1,0,0,1.0
106,-5.0,10.0,1,0,0,1.0
108,9.0,13.0,0,1,0,1.0
109,14.0,-2.0,0,1,0,1.0
110,7.0,-6.0,1,0,0,1.0
111,-3.0,3.0,1,0,0,1.0
112,14.0,11.0,1,0,0,1.0
113,-14.0,0.0,0,1,0,1.0
114,1.0,-18.0,0,1,0,1.0
115,6.0,-15.0,0,1,0,1.0
116,-5.0,4.0,1,0,0,1.0
117,2.0,24.0,0,1,0,1.0
118,8.0,-11.0,0,1,0,1.0
119,1.0,-9.0,0,1,0,1.0
120,22.0,-10.0,0,1,0,1.0
121,36.5,1.0,1,0,0,1.0
122,-3.0,13.0,1,0,0,1.0
123,23.0,-14.0,0,1,0,1.0
124,37.0,0.0,0,1,0,1.0
125,22.0,1.0,0,1,0,1.0
126,12.0,4.0,1,0,0,1.0
127,6.0,-12.0,0,1,0,1.0
128,12.0,3.0,1,0,0,1.0
129,17.0,-3.0,0,1,0,1.0
130,12.0,2.0,0,1,0,1.0
131,19.0,22.0,1,0,0,1.0
132,6.0,13.0,1,0,0,1.0
133,13.0,-4.0,0,1,0,1.0
134,21.0,-3.0,0,1,0,1.0
135,-6.0,13.0,1,0,0,1.0
136,6.0,-10.0,1,0,0,1.0
137,13.0,-7.0,0,1,0,1.0
138,10.0,5.0,0,1,0,1.0
139,-6.0,7.0,1,0,0,1.0
140,6.0,5.0,0,1,0,1.0
141,4.0,-10.0,0,1,0,1.0
142,1.0,-2.0,1,0,0,1.0
143,5.0,2.0,1,0,0,1.0
144,10.0,1.0,1,0,0,1.0
145,1.0,8.0,1,0,0,1.0
146,-4.0,-9.0,1,0,0,1.0
147,3.0,-13.0,0,1,0,1.0
148,-8.0,13.0,1,0,0,1.0
149,4.0,8.0,1,0,0,1.0
150,15.0,-6.0,1,0,0,1.0
151,-4.0,4.0,1,0,0,1.0
152,6.0,1.0,1,0,0,1.0
153,-4.0,0.0,1,0,0,1.0
154,8.0,-19.0,0,1,0,1.0
155,9.0,0.0,1,0,0,1.0
156,5.0,-4.0,1,0,0,1.0
157,8.0,3.0,1,0,0,1.0
158,1.0,10.0,1,0,0,1.0
159,1.0,-10.0,0,1,0,1.0
160,5.0,12.0,1,0,0,1.0
161,2.0,11.0,1,0,0,1.0
162,1.0,-11.0,1,0,0,1.0
163,5.0,-3.0,1,0,0,1.0
164,-2.0,3.0,1,0,0,1.0
165,6.0,-16.0,0,1,0,1.0
166,-4.0,6.0,0,1,0,1.0
167,3.0,6.0,1,0,0,1.0
168,4.0,10.0,0,1,0,1.0
169,16.0,3.0,1,0,0,1.0
170,3.0,13.0,1,0,0,1.0
171,-1.0,-11.0,1,0,0,1.0
172,3.0,-14.0,0,1,0,1.0
173,23.0,8.0,0,1,0,1.0
174,-1.0,-5.0,1,0,0,1.0
175,9.0,-8.0,0,0,0,1.0
176,11.0,0.0,0,1,0,1.0
177,2.0,-2.0,1,0,0,1.0
178,7.0,0.0,1,0,0,1.0
179,3.0,3.0,1,0,0,1.0
180,-2.0,10.0,1,0,0,1.0
181,-5.0,-16.0,0,1,0,1.0
182,8.0,-9.0,1,0,0,1.0
183,-10.0,9.0,1,0,0,1.0
184,4.0,19.0,0,1,0,1.0
185,0.0,-13.0,1,0,0,1.0
186,-6.0,9.0,1,0,0,1.0
187,5.0,12.0,1,0,0,1.0
188,5.0,-9.0,0,1,0,1.0
189,3.0,-16.0,0,1,0,1.0
190,12.0,-11.0,0,1,0,1.0
191,18.0,-1.0,0,1,0,0.0
192,5.0,-11.0,0,1,0,1.0
193,-4.0,-7.0,1,0,0,1.0
194,-2.0,11.0,1,0,0,1.0
195,4.0,7.0,1,0,0,1.0
196,-6.0,-1.0,0,1,0,1.0
197,-3.0,-2.0,1,0,0,1.0
198,1.0,-17.0,0,1,0,1.0
199,7.0,-12.0,0,1,0,1.0
200,15.0,-3.0,0,1,0,1.0
201,61.0,14.0,0,1,0,0.0
202,11.0,12.0,1,0,0,1.0
203,2.0,-12.0,0,1,0,0.0
204,-5.0,16.0,1,0,0,1.0
205,6.0,9.0,1,0,0,1.0
206,11.0,-2.0,0,1,0,0.0
207,56.0,-1.0,1,0,0,0.0
208,-2.0,-5.0,0,1,0,1.0
209,7.0,0.0,0,1,0,1.0
210,3.0,-15.0,0,1,0,1.0
211,2.0,-7.0,1,0,0,1.0
212,-3.0,27.0,0,0,1,1.0
213,19.0,-1.0,0,0,0,1.0
214,2.0,-9.0,0,1,0,1.0
215,-4.0,-2.0,1,0,0,1.0
216,2.0,-5.0,1,0,0,1.0
217,4.0,-12.0,0,1,0,1.0
218,-6.0,1.0,1,0,0,1.0
219,-2.0,11.0,1,0,0,1.0
220,19.0,17.0,1,0,0,1.0
221,11.0,-25.0,0,1,0,1.0
222,-4.0,-1.0,1,0,0,1.0
223,2.0,-4.0,1,0,0,1.0
224,5.0,-3.0,1,0,0,1.0
225,4.0,-3.0,1,0,0,1.0
226,9.0,3.0,1,0,0,1.0
227,56.0,0.0,1,0,0,0.0
228,5.0,10.0,1,0,0,1.0
229,8.0,-5.0,0,1,0,1.0
230,4.0,-11.0,0,1,0,1.0
231,1.0,11.0,1,0,0,1.0
232,4.0,12.0,1,0,0,1.0
233,13.0,-9.0,0,1,0,1.0
234,-2.0,-14.0,0,1,0,1.0
235,11.0,-12.0,0,1,0,1.0
236,-4.0,9.0,1,0,0,1.0
237,9.0,-10.0,0,1,0,1.0
238,16.0,37.0,0,0,1,0.0
239,65.0,20.0,1,0,0,1.0
240,3.0,12.0,1,0,0,1.0
241,3.0,-10.0,0,1,0,1.0
242,10.0,-17.0,0,1,0,1.0
243,-2.0,9.0,1,0,0,1.0
244,-1.0,11.0,1,0,0,1.0
245,3.0,8.0,1,0,0,1.0
246,6.0,1.0,0,1,0,1.0
247,4.0,-8.0,1,0,0,1.0
248,3.0,-3.0,1,0,0,1.0
249,1.0,9.0,1,0,0,1.0
250,5.0,3.0,1,0,0,1.0
251,-5.0,-10.0,0,1,0,1.0
252,1.0,-18.0,1,0,0,1.0
253,7.0,0.0,1,0,0,1.0
254,-4.0,9.0,0,1,0,1.0
255,4.0,9.0,1,0,0,1.0
256,7.0,7.0,1,0,0,1.0
257,-4.0,-5.0,0,1,0,1.0
258,6.0,8.0,1,0,0,1.0
259,12.0,5.0,0,1,0,1.0
260,-1.0,-6.0,0,1,0,1.0
261,11.0,-21.0,1,0,0,1.0
262,7.0,16.0,1,0,0,1.0
263,2.0,-15.0,1,0,0,1.0
264,4.0,15.0,1,0,0,1.0
265,-4.0,-11.0,0,1,0,1.0
266,2.0,-11.0,1,0,0,1.0
267,4.0,-2.0,1,0,0,1.0
268,5.0,18.0,0,1,0,1.0
269,13.0,0.0,1,0,0,1.0
270,4.0,-8.0,0,1,0,1.0
271,-1.0,14.0,1,0,0,1.0
272,15.0,-1.0,0,0,0,1.0
273,-6.0,-4.0,1,0,0,1.0
274,6.0,6.0,1,0,0,1.0
275,7.0,-13.0,0,1,0,1.0
276,-1.0,-5.0,1,0,0,1.0
277,-4.0,0.0,1,0,0,1.0
278,0.0,-4.0,1,0,0,1.0
279,1.0,11.0,1,0,0,1.0
280,15.0,9.0,1,0,0,1.0
281,13.0,3.0,1,0,0,1.0
282,7.0,-1.0,1,0,0,1.0
283,-4.0,10.0,1,0,0,1.0
284,-1.0,-18.0,1,0,0,1.0
285,-2.0,18.0,1,0,0,1.0
286,7.0,-19.0,1,0,0,1.0
287,-5.0,10.0,1,0,0,1.0
288,1.0,13.0,1,0,0,1.0
289,-3.0,-5.0,0,1,0,1.0
290,7.0,-19.0,0,1,0,1.0
291,11.0,-4.0,0,1,0,1.0
292,54.0,9.0,0,1,0,0.0
293,9.0,-7.0,0,1,0,1.0
294,-7.0,1.0,1,0,0,1.0
295,2.0,13.0,1,0,0,1.0
296,-3.0,0.0,1,0,0,1.0
297,0.0,-24.0,0,1,0,1.0
298,-8.0,4.0,1,0,0,1.0
299,3.0,-4.0,0,1,0,1.0
300,10.0,-9.0,0,1,0,1.0
301,21.0,1.0,0,1,0,1.0
302,6.0,-2.0,1,0,0,0.0
303,22.0,0.0,1,0,0,1.0
304,-4.0,-7.0,0,1,0,1.0
305,8.0,-16.0,0,1,0,1.0
306,17.0,-15.0,1,0,0,1.0
307,6.0,14.0,1,0,0,1.0
308,-5.0,5.0,1,0,0,1.0
309,6.0,10.0,1,0,0,1.0
310,58.0,-33.0,1,0,0,0.0
311,4.0,-14.0,1,0,0,1.0
312,12.0,13.0,1,0,0,1.0
313,-11.0,-3.0,0,0,0,1.0
314,1.0,-21.0,0,1,0,1.0
315,10.0,-10.0,0,1,0,1.0
316,21.0,-2.0,0,1,0,0.0
317,13.0,-2.0,1,0,0,1.0
318,-4.0,-6.0,0,1,0,1.0
319,0.0,7.0,1,0,0,1.0
320,9.0,-7.0,1,0,0,1.0
321,20.0,-3.0,1,0,0,1.0
322,-5.0,-8.0,1,0,0,1.0
323,15.0,16.0,1,0,0,1.0
324,7.0,-2.0,1,0,0,1.0
325,3.0,7.0,1,0,0,1.0
326,7.0,-8.0,0,1,0,1.0
327,20.0,-1.0,1,0,0,1.0
328,-1.0,9.0,1,0,0,1.0
329,20.0,6.0,0,1,0,1.0
330,-9.0,0.0,1,0,0,1.0
331,17.0,3.0,1,0,0,1.0
332,-9.0,-3.0,0,1,0,1.0
333,8.0,-33.0,0,1,0,1.0
334,-8.0,5.0,1,0,0,1.0
335,-2.0,14.0,1,0,0,1.0
336,3.0,16.0,1,0,0,1.0
337,16.0,2.0,0,1,0,1.0
338,10.0,2.0,1,0,0,1.0
339,5.0,8.0,1,0,0,1.0
340,12.0,-4.0,1,0,0,1.0
341,55.0,0.0,0,1,0,1.0
342,10.0,-21.0,1,0,0,1.0
343,6.0,5.0,1,0,0,1.0
344,-1.0,10.0,1,0,0,1.0
345,4.0,8.0,1,0,0,1.0
346,68.0,-26.0,1,0,0,1.0
347,4.0,10.0,1,0,0,1.0
348,5.0,-5.0,0,1,0,1.0
349,-8.0,6.0,1,0,0,1.0
350,2.0,9.0,1,0,0,1.0
351,4.0,-20.0,0,1,0,1.0
352,19.0,-4.0,0,1,0,1.0
353,51.0,22.0,1,0,0,0.0
354,3.0,20.0,1,0,0,1.0
355,-2.0,-6.0,0,1,0,1.0
356,2.0,-10.0,0,1,0,1.0
357,1.0,14.0,1,0,0,1.0
358,16.0,6.0,1,0,0,1.0
359,3.0,-11.0,0,1,0,1.0
360,11.0,10.0,1,0,0,1.0
361,-8.0,-4.0,0,1,0,1.0
362,11.0,-25.0,0,1,0,1.0
363,32.0,-2.0,0,1,0,1.0
364,-1.0,14.0,1,0,0,1.0
365,2.0,1.0,1,0,0,1.0
366,10.0,-1.0,1,0,0,1.0
367,0.0,17.0,1,0,0,1.0
368,-2.0,0.0,1,0,0,1.0
369,20.0,-2.0,0,1,0,1.0
370,4.0,-8.0,0,1,0,1.0
371,8.0,-18.0,0,1,0,1.0
372,16.0,-1.0,0,1,0,1.0
373,17.0,-2.0,0,1,0,1.0
374,12.0,-5.0,0,1,0,1.0
375,-6.0,-7.0,0,1,0,1.0
376,6.0,-12.0,0,1,0,1.0
377,-12.0,13.0,0,1,0,0.0
378,-7.0,13.0,1,0,0,1.0
379,-3.0,-7.0,1,0,0,1.0
380,1.0,20.0,1,0,0,1.0
381,12.0,4.0,0,1,0,1.0
382,10.0,3.0,1,0,0,0.0
383,69.0,15.0,1,0,0,1.0
384,7.0,-12.0,1,0,0,1.0
385,9.0,10.0,1,0,0,1.0
386,64.0,-17.0,1,0,0,1.0
387,-5.0,0.0,1,0,0,1.0
388,-1.0,8.0,1,0,0,1.0
389,6.0,7.0,0,0,0,1.0
390,4.0,-2.0,1,0,0,1.0
391,20.0,6.0,1,0,0,1.0
392,11.0,1.0,0,1,0,1.0
393,5.0,12.0,1,0,0,1.0
394,-1.0,-11.0,0,1,0,1.0
395,3.0,-14.0,0,1,0,1.0
396,24.0,-1.0,0,1,0,1.0
397,11.0,-2.0,0,1,0,1.0
398,18.0,-1.0,0,1,0,1.0
399,-3.0,0.0,1,0,0,1.0
400,-2.0,6.0,1,0,0,1.0
401,-4.0,15.0,1,0,0,1.0
402,9.0,3.0,0,1,0,1.0
403,7.0,4.0,1,0,0,1.0
404,5.0,11.0,1,0,0,1.0
405,9.0,11.0,1,0,0,1.0
406,14.0,-8.0,0,1,0,1.0
407,-5.0,-8.0,1,0,0,0.0
408,-6.0,3.0,1,0,0,1.0
409,0.0,6.0,1,0,0,1.0
410,-1.0,-6.0,1,0,0,1.0
411,21.0,14.0,1,0,0,1.0
412,0.0,-7.0,1,0,0,1.0
413,-1.0,-8.0,0,1,0,1.0
414,15.0,-14.0,1,0,0,1.0
415,5.0,0.0,1,0,0,1.0
416,11.0,-7.0,0,1,0,0.0
417,4.0,-11.0,0,1,0,1.0
418,5.0,-10.0,0,1,0,1.0
419,-6.0,14.0,1,0,0,1.0
420,9.0,11.0,1,0,0,1.0
421,2.0,-10.0,0,1,0,1.0
422,-2.0,-4.0,1,0,0,1.0
423,7.0,3.0,0,1,0,0.0
424,-1.0,9.0,1,0,0,1.0
425,-1.0,-9.0,1,0,0,1.0
426,5.0,-14.0,0,1,0,1.0
427,-2.0,17.0,1,0,0,1.0
428,1.0,9.0,1,0,0,1.0
429,12.0,-10.0,0,1,0,0.0
430,1.0,9.0,1,0,0,1.0
431,5.0,-19.0,0,1,0,1.0
432,6.0,2.0,0,1,0,0.0
433,-3.0,-9.0,0,1,0,1.0
434,7.0,-12.0,0,1,0,1.0
435,-6.0,19.0,1,0,0,1.0
436,73.0,-7.0,0,1,0,1.0
437,2.0,-8.0,1,0,0,1.0
438,5.0,-11.0,0,1,0,1.0
439,16.0,-7.0,0,1,0,1.0
440,-5.0,12.0,1,0,0,1.0
441,2.0,18.0,1,0,0,1.0
442,0.0,-11.0,0,1,0,1.0
443,8.0,-16.0,0,1,0,1.0
444,22.0,-1.0,0,1,0,1.0
445,-9.0,5.0,1,0,0,1.0
446,9.0,21.0,0,0,1,1.0
447,12.0,7.0,1,0,0,1.0
448,0.0,-9.0,0,1,0,1.0
449,14.0,-26.0,0,1,0,1.0
450,12.0,12.0,1,0,0,1.0
451,11.0,-15.0,0,1,0,1.0
452,43.0,-1.0,0,1,0,0.0
453,12.0,-21.0,1,0,0,1.0
454,13.0,-8.0,0,1,0,1.0
455,48.0,19.0,1,0,0,0.0
456,41.0,-7.0,0,1,0,1.0
457,31.0,0.0,0,1,0,1.0
458,7.0,-8.0,0,1,0,1.0
459,-7.0,8.0,1,0,0,1.0
460,6.0,14.0,1,0,0,1.0
461,13.0,5.0,1,0,0,1.0
462,-5.0,-8.0,0,1,0,1.0
463,6.0,-20.0,1,0,0,1.0
464,5.0,-5.0,1,0,0,1.0
465,2.0,13.0,0,1,0,1.0
466,8.0,22.0,1,0,0,1.0
467,-2.0,-18.0,0,1,0,1.0
468,3.0,12.0,1,0,0,1.0
469,6.0,-27.0,0,1,0,1.0
470,4.0,-4.0,1,0,0,1.0
471,2.0,15.0,1,0,0,1.0
472,9.0,-15.0,0,1,0,1.0
473,48.0,-8.0,0,1,0,1.0
474,2.0,-13.0,1,0,0,1.0
475,7.0,7.0,1,0,0,1.0
476,5.0,4.0,1,0,0,1.0
477,-4.0,9.0,1,0,0,1.0
478,8.0,11.0,1,0,0,1.0
479,0.0,-16.0,0,1,0,1.0
480,0.0,-12.0,0,1,0,1.0
481,14.0,-7.0,0,1,0,1.0
482,-7.0,3.0,1,0,0,1.0
483,8.0,-3.0,0,1,0,1.0
484,10.0,-1.0,0,1,0,1.0
485,-5.0,17.0,1,0,0,1.0
486,10.0,13.0,1,0,0,1.0
487,1.0,-26.0,0,1,0,1.0
488,-6.0,1.0,1,0,0,1.0
489,2.0,17.0,1,0,0,1.0
490,17.0,-17.0,0,1,0,1.0
491,7.0,-5.0,1,0,0,1.0
492,9.0,-16.0,0,1,0,1.0
493,18.0,-5.0,0,0,0,1.0
494,34.0,-1.0,1,0,0,0.0
495,-8.0,-6.0,0,1,0,1.0
496,9.0,0.0,1,0,0,1.0
497,17.0,6.0,0,0,0,0.0
498,31.0,0.0,0,1,0,1.0
499,11.0,0.0,1,0,0,1.0
500,13.0,-3.0,0,1,0,1.0
501,8.0,-15.0,0,1,0,1.0
502,-10.0,5.0,1,0,0,1.0
503,7.0,19.0,1,0,0,1.0
504,19.0,13.0,1,0,0,1.0
505,5.0,-11.0,0,1,0,1.0
506,1.0,-16.0,0,1,0,1.0
507,5.0,-9.0,0,1,0,1.0
508,-5.0,16.0,1,0,0,1.0
509,8.0,21.0,0,0,1,1.0
510,-9.0,-10.0,1,0,0,1.0
511,9.0,-24.0,0,1,0,1.0
512,-5.0,0.0,1,0,0,1.0
513,5.0,-2.0,1,0,0,1.0
514,-13.0,21.0,1,0,0,1.0
515,16.0,2.0,0,1,0,1.0
516,24.0,3.0,1,0,0,1.0
517,3.0,-9.0,1,0,0,1.0
518,13.0,5.0,1,0,0,1.0
519,15.0,6.0,1,0,0,1.0
520,24.0,5.0,1,0,0,1.0
521,5.0,-4.0,1,0,0,1.0
522,20.0,1.0,1,0,0,0.0
523,3.0,35.0,1,0,0,1.0
524,-2.0,-11.0,0,1,0,1.0
525,5.0,-16.0,0,1,0,1.0
526,19.0,-5.0,0,1,0,1.0
527,-7.0,19.0,1,0,0,1.0
528,14.0,11.0,1,0,0,1.0
529,37.0,-5.0,0,0,1,0.0
530,69.0,10.0,1,0,0,1.0
531,3.0,8.0,1,0,0,1.0
532,5.0,-7.0,1,0,0,1.0
533,5.0,16.0,1,0,0,1.0
534,-2.0,-29.0,0,1,0,1.0
535,18.0,-1.0,0,0,0,1.0
536,1.0,27.0,1,0,0,1.0
537,-2.0,-16.0,0,1,0,1.0
538,8.0,-9.0,1,0,0,1.0
539,-7.0,2.0,1,0,0,1.0
540,2.0,14.0,1,0,0,1.0
541,4.0,-9.0,0,1,0,1.0
542,3.0,-7.0,1,0,0,1.0
543,14.0,-1.0,1,0,0,1.0
544,-2.0,22.0,1,0,0,1.0
545,10.0,1.0,1,0,0,1.0
546,15.0,-23.0,0,1,0,1.0
547,16.0,1.0,1,0,0,0.0
548,-8.0,0.0,1,0,0,1.0
549,3.0,-4.0,1,0,0,1.0
550,7.0,7.0,1,0,0,1.0
551,4.0,-17.0,0,0,1,0.0
552,11.0,3.0,1,0,0,1.0
553,49.0,-1.0,1,0,0,1.0
554,7.0,2.0,1,0,0,1.0
555,2.0,-18.0,0,1,0,1.0
556,76.0,10.0,0,1,0,1.0
557,13.0,12.0,1,0,0,1.0
558,5.0,9.0,1,0,0,1.0
559,15.0,-3.0,1,0,0,1.0
560,14.0,0.0,1,0,0,1.0
561,17.0,-18.0,0,1,0,1.0
562,-4.0,14.0,1,0,0,1.0
563,17.0,-14.0,0,1,0,1.0
564,14.0,7.0,1,0,0,1.0
565,11.0,0.0,1,0,0,1.0
566,39.0,2.0,0,1,0,1.0
567,16.0,0.0,0,1,0,1.0
568,8.0,9.0,1,0,0,1.0
569,8.0,10.0,1,0,0,1.0
570,18.0,2.0,1,0,0,1.0
571,16.0,-1.0,1,0,0,1.0
572,-3.0,8.0,1,0,0,1.0
573,13.0,-4.0,1,0,0,1.0
574,5.0,4.0,1,0,0,1.0
575,-2.0,-14.0,0,1,0,1.0
576,5.0,-13.0,0,1,0,0.0
577,62.0,1.0,1,0,0,1.0
578,-8.0,4.0,1,0,0,1.0
579,-3.0,-5.0,0,1,0,1.0
580,18.0,-31.0,1,0,0,1.0
581,-6.0,1.0,1,0,0,1.0
582,8.0,-2.0,0,1,0,1.0
583,4.0,3.0,1,0,0,1.0
584,-1.0,12.0,1,0,0,1.0
585,3.0,-5.0,1,0,0,1.0
586,0.0,-12.0,0,1,0,1.0
587,3.0,-1.0,1,0,0,1.0
588,1.0,-5.0,1,0,0,1.0
589,9.0,-1.0,1,0,0,1.0
590,14.0,-1.0,0,1,0,1.0
591,12.0,5.0,0,1,0,1.0
592,15.0,5.0,0,1,0,1.0
593,21.0,-6.0,0,1,0,1.0
594,13.0,-11.0,1,0,0,1.0
595,16.0,-15.0,0,1,0,1.0
596,-9.0,6.0,1,0,0,1.0
597,23.0,-6.0,0,1,0,1.0
598,15.0,0.0,0,1,0,1.0
599,-6.0,4.0,1,0,0,1.0
600,0.0,15.0,1,0,0,1.0
601,-1.0,-14.0,0,1,0,1.0
602,5.0,16.0,1,0,0,1.0
603,4.0,-8.0,1,0,0,1.0
604,11.0,-9.0,0,1,0,1.0
605,-6.0,12.0,1,0,0,1.0
606,1.0,-3.0,1,0,0,1.0
607,-3.0,7.0,0,0,0,1.0
608,0.0,-6.0,1,0,0,1.0
609,8.0,-9.0,0,1,0,1.0
610,42.0,0.0,0,1,0,1.0
611,9.0,13.0,1,0,0,1.0
612,-2.0,-6.0,1,0,0,1.0
613,0.0,12.0,1,0,0,1.0
614,-2.0,-12.0,1,0,0,1.0
615,17.0,-8.0,0,1,0,1.0
616,-1.0,10.0,1,0,0,1.0
617,-2.0,4.0,1,0,0,1.0
618,2.0,6.0,1,0,0,1.0
619,3.0,2.0,1,0,0,1.0
620,12.0,10.0,1,0,0,1.0
621,23.0,-12.0,0,1,0,1.0
622,-6.0,-4.0,1,0,0,1.0
623,-1.0,12.0,1,0,0,1.0
624,-4.0,-13.0,0,1,0,1.0
625,9.0,13.0,0,1,0,1.0
626,17.0,0.0,1,0,0,1.0
627,7.0,-29.0,0,1,0,1.0
628,10.0,-4.0,1,0,0,1.0
629,-2.0,8.0,1,0,0,1.0
630,3.0,1.0,1,0,0,1.0
631,16.0,0.0,0,1,0,1.0
632,5.0,7.0,1,0,0,1.0
633,0.0,-7.0,1,0,0,1.0
634,18.0,-17.0,0,1,0,1.0
635,7.0,-9.0,0,1,0,1.0
636,9.0,-3.0,0,1,0,1.0
637,-7.0,4.0,1,0,0,1.0
638,-2.0,16.0,1,0,0,1.0
639,12.0,-13.0,0,1,0,1.0
640,15.0,-8.0,0,1,0,1.0
641,6.0,-2.0,1,0,0,1.0
642,-4.0,5.0,1,0,0,1.0
643,5.0,11.0,1,0,0,1.0
644,-2.0,-27.0,0,1,0,1.0
645,0.0,17.0,1,0,0,1.0
646,10.0,4.0,0,1,0,1.0
647,11.0,3.0,0,1,0,1.0
648,-2.0,-12.0,1,0,0,1.0
649,11.0,-14.0,0,1,0,1.0
650,46.0,-2.0,0,1,0,1.0
651,11.0,-6.0,1,0,0,1.0
652,6.0,10.0,1,0,0,1.0
653,6.0,1.0,1,0,0,1.0
654,2.0,8.0,1,0,0,1.0
655,7.0,-1.0,0,0,0,1.0
656,-8.0,-8.0,0,1,0,1.0
657,5.0,4.0,1,0,0,1.0
658,12.0,-7.0,1,0,0,1.0
659,17.0,10.0,1,0,0,1.0
660,40.0,-1.0,1,0,0,0.0
661,16.0,-2.0,0,1,0,1.0
662,3.0,0.0,1,0,0,1.0
663,60.0,4.0,0,1,0,1.0
664,7.0,1.0,1,0,0,1.0
665,-1.0,12.0,1,0,0,1.0
666,-4.0,-5.0,0,1,0,1.0
667,6.0,-19.0,0,1,0,1.0
668,-1.0,13.0,1,0,0,1.0
669,10.0,-16.0,0,1,0,1.0
670,-5.0,6.0,1,0,0,1.0
671,13.0,2.0,1,0,0,1.0
672,13.0,-3.0,0,0,0,1.0
673,5.0,12.0,1,0,0,1.0
674,28.0,2.0,1,0,0,0.0
675,3.0,17.0,1,0,0,1.0
676,-3.0,-9.0,0,1,0,1.0
677,4.0,-14.0,1,0,0,1.0
678,1.0,24.0,1,0,0,1.0
679,11.0,1.0,0,1,0,1.0
680,56.0,-10.0,0,1,0,0.0
681,59.0,-7.0,1,0,0,0.0
682,12.0,13.0,1,0,0,1.0
683,-2.0,-33.0,0,1,0,1.0
684,18.0,-5.0,1,0,0,1.0
685,15.0,0.0,0,1,0,1.0
686,7.0,0.0,1,0,0,1.0
687,-1.0,7.0,0,1,0,1.0
688,0.0,15.0,0,1,0,1.0
689,18.0,15.0,1,0,0,1.0
690,17.0,-16.0,0,1,0,1.0
691,7.0,6.0,1,0,0,1.0
692,14.0,-2.0,1,0,0,1.0
693,-1.0,6.0,1,0,0,1.0
694,-1.0,9.0,1,0,0,1.0
695,2.0,14.0,1,0,0,1.0
696,-3.0,-8.0,0,1,0,1.0
697,3.0,-21.0,0,0,0,1.0
698,21.0,-5.0,0,1,0,1.0
699,8.0,5.0,1,0,0,1.0
700,5.0,-23.0,0,1,0,1.0
701,-2.0,5.0,1,0,0,1.0
702,-3.0,0.0,1,0,0,1.0
703,0.0,16.0,1,0,0,1.0
704,36.0,-4.0,0,1,0,1.0
705,-1.0,8.0,1,0,0,1.0
706,0.0,-8.0,1,0,0,1.0
707,8.0,-13.0,0,1,0,1.0
708,-4.0,2.0,1,0,0,1.0
709,-2.0,21.0,1,0,0,1.0
710,21.0,-2.0,0,1,0,1.0
711,11.0,8.0,1,0,0,1.0
712,9.0,-16.0,0,0,0,1.0
713,2.0,5.0,1,0,0,1.0
714,5.0,10.0,1,0,0,1.0
715,12.0,15.0,1,0,0,1.0
716,21.0,0.0,1,0,0,1.0
717,3.0,0.0,1,0,0,1.0
718,-6.0,-11.0,0,1,0,1.0
719,6.0,-14.0,1,0,0,1.0
720,4.0,-5.0,1,0,0,1.0
721,-2.0,8.0,1,0,0,1.0
722,1.0,5.0,1,0,0,1.0
723,4.0,-2.0,1,0,0,1.0
724,0.0,-5.0,1,0,0,1.0
725,-3.0,9.0,1,0,0,1.0
726,-4.0,0.0,1,0,0,1.0
727,17.0,7.0,0,1,0,1.0
728,-2.0,-21.0,1,0,0,1.0
729,19.0,-12.0,0,1,0,1.0
730,10.0,5.0,1,0,0,1.0
731,28.0,27.0,0,0,1,1.0
732,10.0,1.0,1,0,0,1.0
733,8.0,15.0,1,0,0,1.0
734,-1.0,8.0,1,0,0,1.0
735,-6.0,-15.0,0,1,0,1.0
736,2.0,14.0,1,0,0,1.0
737,-2.0,-3.0,1,0,0,1.0
738,6.0,-13.0,0,1,0,1.0
739,60.0,-7.0,0,1,0,0.0
740,1.0,-19.0,0,1,0,1.0
741,6.0,-13.0,0,1,0,1.0
742,70.0,1.0,0,1,0,1.0
743,4.0,3.0,1,0,0,1.0
744,4.0,-7.0,0,1,0,1.0
745,17.0,-2.0,0,1,0,1.0
746,61.0,5.0,0,1,0,1.0
747,2.0,11.0,1,0,0,1.0
748,11.0,-14.0,0,1,0,1.0
749,-8.0,15.0,1,0,0,1.0
750,3.0,15.0,1,0,0,1.0
751,-6.0,-4.0,0,1,0,1.0
752,23.0,-27.0,0,1,0,1.0
753,14.0,1.0,1,0,0,1.0
754,12.0,-3.0,0,1,0,1.0
755,16.0,0.0,1,0,0,1.0
756,-5.0,3.0,1,0,0,1.0
757,-1.0,17.0,1,0,0,1.0
758,-1.0,-5.0,1,0,0,1.0
759,10.0,4.0,1,0,0,1.0
760,14.0,12.0,1,0,0,1.0
761,14.0,-10.0,0,1,0,1.0
762,22.0,-3.0,0,1,0,1.0
763,42.0,5.0,0,1,0,1.0
764,17.0,13.0,1,0,0,1.0
765,-3.0,-15.0,0,1,0,1.0
766,3.0,-14.0,0,1,0,1.0
767,23.0,-2.0,0,1,0,1.0
768,24.0,0.0,0,1,0,1.0
769,11.0,5.0,1,0,0,1.0
770,10.0,4.0,1,0,0,1.0
771,11.0,-9.0,1,0,0,1.0
772,-2.0,11.0,1,0,0,1.0
773,3.0,-16.0,1,0,0,1.0
774,9.0,-13.0,0,1,0,0.0
775,-4.0,-14.0,0,1,0,1.0
776,-5.0,-9.0,1,0,0,1.0
777,6.0,-11.0,1,0,0,1.0
778,5.0,5.0,0,1,0,0.0
779,1.0,5.0,1,0,0,1.0
780,28.0,-2.0,1,0,0,1.0
781,9.0,1.0,1,0,0,1.0
782,0.0,-16.0,0,1,0,1.0
783,6.0,-10.0,0,1,0,1.0
784,-7.0,10.0,1,0,0,1.0
785,3.0,-6.0,1,0,0,1.0
786,34.0,12.0,0,1,0,0.0
787,-11.0,-12.0,1,0,0,1.0
788,-1.0,20.0,1,0,0,1.0
789,-2.0,4.0,1,0,0,1.0
790,-1.0,2.0,0,1,0,1.0
791,-2.0,-11.0,0,1,0,1.0
792,-1.0,-15.0,0,1,0,0.0
793,-50.0,4.0,0,1,0,1.0
794,4.0,-34.0,1,0,0,1.0
795,58.0,9.0,0,1,0,0.0
796,-1.0,-3.0,1,0,0,1.0
797,7.0,-5.0,0,1,0,0.0
798,-3.0,4.0,1,0,0,1.0
799,0.0,-21.0,0,1,0,1.0
800,12.0,29.0,0,0,1,1.0
801,6.0,3.0,1,0,0,1.0
802,8.0,-18.0,0,1,0,1.0
803,68.0,9.0,0,1,0,1.0
804,4.0,-11.0,1,0,0,1.0
805,2.0,-10.0,0,1,0,1.0
806,0.0,12.0,1,0,0,1.0
807,2.0,-18.0,0,1,0,1.0
808,0.0,19.0,1,0,0,1.0
809,9.0,-19.0,0,1,0,1.0
810,1.0,13.0,1,0,0,1.0
811,16.0,11.0,1,0,0,1.0
812,0.0,-11.0,0,1,0,1.0
813,4.0,-12.0,1,0,0,1.0
814,9.0,-5.0,0,1,0,1.0
815,-6.0,5.0,1,0,0,1.0
816,14.0,15.0,0,1,0,1.0
817,19.0,1.0,0,1,0,1.0
818,9.0,1.0,1,0,0,1.0
819,1.0,8.0,1,0,0,1.0
820,4.0,-9.0,0,0,0,1.0
821,2.0,5.0,1,0,0,1.0
822,2.0,0.0,1,0,0,1.0
823,-1.0,5.0,1,0,0,1.0
824,7.0,-6.0,0,0,0,1.0
825,0.0,4.0,1,0,0,1.0
826,2.0,4.0,1,0,0,1.0
827,52.0,-4.0,1,0,0,1.0
828,11.0,-9.0,1,0,0,0.0
829,7.0,5.0,1,0,0,1.0
830,-5.0,-10.0,0,1,0,1.0
831,2.0,-5.0,1,0,0,1.0
832,6.0,-13.0,0,1,0,1.0
833,-1.0,-8.0,1,0,0,1.0
834,-5.0,11.0,1,0,0,1.0
835,8.0,8.0,1,0,0,1.0
836,8.0,-8.0,1,0,0,1.0
837,3.0,-9.0,0,1,0,1.0
838,-4.0,-4.0,1,0,0,1.0
839,11.0,3.0,0,1,0,1.0
840,45.0,2.0,0,1,0,0.0
841,-4.0,-1.0,1,0,0,1.0
842,2.0,-6.0,1,0,0,1.0
843,12.0,-17.0,0,1,0,1.0
844,10.0,0.0,1,0,0,1.0
845,11.0,0.0,0,1,0,1.0
846,13.0,0.0,1,0,0,1.0
847,17.0,24.0,0,0,1,1.0
848,9.0,-11.0,0,1,0,1.0
849,17.0,-13.0,0,1,0,1.0
850,-3.0,4.0,1,0,0,1.0
851,10.0,-7.0,0,1,0,1.0
852,11.0,-2.0,0,1,0,1.0
853,-5.0,4.0,1,0,0,1.0
854,12.0,21.0,0,1,0,1.0
855,-5.0,-2.0,1,0,0,1.0
856,9.0,6.0,0,1,0,0.0
857,-5.0,16.0,1,0,0,1.0
858,5.0,17.0,1,0,0,1.0
859,-3.0,0.0,1,0,0,1.0
860,2.0,-12.0,0,1,0,1.0
861,55.0,-14.0,0,1,0,1.0
862,-5.0,2.0,0,0,0,1.0
863,14.0,-5.0,0,1,0,1.0
864,-7.0,-1.0,1,0,0,1.0
865,-1.0,15.0,1,0,0,1.0
866,8.0,-11.0,0,1,0,1.0
867,-7.0,9.0,1,0,0,1.0
868,-2.0,-2.0,1,0,0,1.0
869,5.0,-3.0,0,1,0,1.0
870,6.0,9.0,0,1,0,1.0
871,3.0,-6.0,1,0,0,1.0
872,1.0,6.0,1,0,0,1.0
873,1.0,-1.0,0,0,0,0.0
874,6.0,-14.0,0,1,0,1.0
875,21.0,-5.0,0,1,0,1.0
876,45.0,23.0,0,1,0,1.0
877,0.0,2.0,1,0,0,1.0
878,16.0,-16.0,0,1,0,1.0
879,-6.0,5.0,1,0,0,1.0
880,68.0,6.0,1,0,0,0.0
881,10.0,-12.0,0,1,0,1.0
882,-3.0,20.0,1,0,0,1.0
883,1.0,-17.0,0,1,0,1.0
884,1.0,12.0,1,0,0,1.0
885,10.0,-23.0,0,1,0,1.0
886,58.0,6.0,0,1,0,0.0
887,74.0,-4.0,0,1,0,1.0
888,11.0,4.0,1,0,0,1.0
889,-5.0,-5.0,0,1,0,1.0
890,4.0,5.0,1,0,0,1.0
891,8.0,-18.0,0,1,0,1.0
892,-4.0,6.0,1,0,0,1.0
893,7.0,-2.0,0,1,0,1.0
894,-1.0,10.0,1,0,0,1.0
895,2.0,5.0,1,0,0,1.0
896,0.0,-17.0,0,1,0,1.0
897,-2.0,8.0,1,0,0,1.0
898,-2.0,11.0,1,0,0,1.0
899,9.0,-6.0,0,1,0,1.0
900,-2.0,7.0,1,0,0,1.0
901,27.0,8.0,0,0,1,1.0
902,-3.0,-6.0,0,1,0,1.0
903,2.0,-11.0,0,1,0,1.0
904,-3.0,4.0,1,0,0,1.0
905,10.0,-15.0,0,1,0,1.0
906,-8.0,11.0,1,0,0,1.0
907,-1.0,14.0,1,0,0,1.0
908,-2.0,7.0,1,0,0,1.0
909,-5.0,-4.0,1,0,0,1.0
910,4.0,-18.0,0,1,0,1.0
911,10.0,21.0,0,0,1,1.0
912,-3.0,-12.0,1,0,0,1.0
913,1.0,12.0,1,0,0,1.0
914,2.0,-12.0,0,1,0,1.0
915,5.0,-13.0,0,1,0,1.0
916,22.0,-6.0,0,1,0,1.0
917,15.0,-13.0,1,0,0,1.0
918,13.0,-2.0,0,0,0,1.0
919,-2.0,10.0,0,1,0,1.0
920,4.0,-17.0,1,0,0,1.0
921,10.0,4.0,1,0,0,1.0
922,3.0,2.0,1,0,0,1.0
923,-5.0,-3.0,1,0,0,1.0
924,-2.0,13.0,1,0,0,1.0
925,0.0,-13.0,0,1,0,1.0
926,4.0,-16.0,0,1,0,1.0
927,7.0,1.0,1,0,0,1.0
928,51.0,26.0,1,0,0,1.0
929,3.0,-10.0,1,0,0,1.0
930,3.0,-15.0,0,1,0,1.0
931,10.0,0.0,1,0,0,1.0
932,-3.0,12.0,1,0,0,1.0
933,0.0,9.0,1,0,0,1.0
934,14.0,10.0,1,0,0,1.0
935,-4.0,-15.0,0,1,0,1.0
936,32.0,-23.0,0,1,0,1.0
937,-7.0,12.0,1,0,0,1.0
938,5.0,18.0,1,0,0,1.0
939,6.0,-27.0,0,1,0,1.0
940,12.0,-3.0,0,1,0,0.0
941,-4.0,-7.0,0,1,0,1.0
942,3.0,-24.0,0,1,0,1.0
943,4.0,10.0,1,0,0,1.0
944,16.0,-1.0,1,0,0,1.0
945,-6.0,10.0,1,0,0,1.0
946,10.0,11.0,1,0,0,1.0
947,11.0,1.0,1,0,0,1.0
948,29.0,-3.0,1,0,0,1.0
949,-1.0,-4.0,1,0,0,1.0
950,22.0,-30.0,0,1,0,1.0
951,1.0,-10.0,1,0,0,1.0
952,1.0,-7.0,0,1,0,1.0
953,9.0,-6.0,0,1,0,1.0
954,-6.0,11.0,1,0,0,1.0
955,76.0,0.0,0,1,0,1.0
956,5.0,1.0,1,0,0,1.0
957,7.0,-13.0,0,1,0,1.0
958,73.0,2.0,0,1,0,1.0
959,-4.0,10.0,1,0,0,1.0
960,16.0,2.0,0,1,0,1.0
961,58.0,-10.0,0,1,0,1.0
962,0.0,0.0,1,0,0,1.0
963,3.0,2.0,1,0,0,1.0
965,-9.0,15.0,0,1,0,1.0
966,-65.0,-12.0,1,0,0,1.0
967,69.0,2.0,0,1,0,1.0
968,2.0,-2.0,1,0,0,1.0
969,7.0,5.0,1,0,0,1.0
970,5.0,13.0,0,1,0,1.0
971,7.0,1.0,1,0,0,1.0
972,1.0,-7.0,0,1,0,1.0
973,4.0,-7.0,0,1,0,1.0
974,-4.0,1.0,1,0,0,1.0
975,6.0,-8.0,0,1,0,0.0
976,8.0,7.0,1,0,0,1.0
977,-4.0,-5.0,0,1,0,1.0
978,2.0,6.0,1,0,0,1.0
979,-7.0,-10.0,0,1,0,1.0
980,6.0,9.0,1,0,0,1.0
981,17.0,5.0,1,0,0,1.0
982,-7.0,-14.0,1,0,0,1.0
983,8.0,-15.0,0,1,0,1.0
984,-5.0,9.0,1,0,0,1.0
985,0.0,-6.0,1,0,0,1.0
986,8.0,-6.0,0,1,0,1.0
987,8.0,-10.0,1,0,0,1.0
988,24.0,-4.0,1,0,0,1.0
989,-4.0,8.0,1,0,0,1.0
990,4.0,7.0,1,0,0,1.0
991,41.0,-2.0,1,0,0,1.0
992,3.0,10.0,1,0,0,1.0
993,-10.0,-9.0,0,1,0,1.0
994,7.0,2.0,1,0,0,1.0
995,20.0,-21.0,0,1,0,1.0
996,16.0,0.0,0,1,0,1.0
997,-7.0,5.0,1,0,0,1.0
998,10.0,-4.0,0,0,0,1.0
999,15.0,-1.0,0,1,0,1.0
1000,13.0,-4.0,1,0,0,1.0
1001,8.0,-16.0,0,1,0,1.0
1002,20.0,2.0,0,1,0,1.0
1003,8.0,11.0,1,0,0,1.0
1004,3.0,10.0,1,0,0,1.0
1005,38.0,-8.0,1,0,0,1.0
1006,3.0,12.0,1,0,0,1.0
1007,-2.0,5.0,1,0,0,1.0
1008,-3.0,1.0,1,0,0,1.0
1009,0.0,-11.0,0,1,0,1.0
1010,-1.0,8.0,1,0,0,1.0
1011,2.0,6.0,1,0,0,1.0
1012,64.0,-2.0,1,0,0,0.0
1013,9.0,25.0,1,0,0,1.0
1014,-3.0,-14.0,1,0,0,1.0
1015,-1.0,7.0,1,0,0,1.0
1016,0.0,-14.0,1,0,0,1.0
1017,0.0,12.0,1,0,0,1.0
1018,8.0,-9.0,0,1,0,1.0
1019,71.0,-4.0,0,1,0,1.0
1020,-1.0,-5.0,0,1,0,1.0
1021,-1.0,-5.0,0,1,0,1.0
1022,-1.0,7.0,1,0,0,1.0
1023,3.0,-24.0,0,1,0,1.0
1024,5.0,-10.0,0,1,0,1.0
1025,15.0,-2.0,0,1,0,1.0
1026,49.0,10.0,0,1,0,1.0
1027,5.0,-4.0,0,1,0,1.0
1028,-3.0,0.0,1,0,0,1.0
1029,0.0,10.0,1,0,0,1.0
1030,-2.0,-6.0,1,0,0,1.0
1031,10.0,-20.0,0,1,0,0.0
1032,-11.0,-9.0,0,1,0,1.0
1033,16.0,-24.0,0,1,0,1.0
1034,6.0,8.0,1,0,0,1.0
1035,7.0,-11.0,0,1,0,1.0
1036,66.0,1.0,0,1,0,0.0
1037,6.0,10.0,1,0,0,1.0
1038,-5.0,-11.0,0,1,0,1.0
1039,12.0,-19.0,0,1,0,1.0
1040,14.0,-5.0,0,1,0,0.0
1041,34.0,-1.0,0,1,0,1.0
1042,9.0,-8.0,1,0,0,1.0
1043,3.0,-15.0,0,1,0,1.0
1044,18.0,-4.0,0,1,0,1.0
1045,-7.0,23.0,1,0,0,1.0
1046,-4.0,-2.0,1,0,0,1.0
1047,4.0,-7.0,1,0,0,1.0
1048,-4.0,6.0,1,0,0,1.0
1049,4.0,-21.0,0,1,0,1.0
1050,-15.0,2.0,0,0,0,1.0
1051,1.0,29.0,1,0,0,1.0
1052,-6.0,-15.0,0,1,0,1.0
1053,9.0,-10.0,1,0,0,1.0
1054,18.0,-4.0,0,1,0,1.0
1055,47.0,1.0,0,1,0,0.0
1056,10.0,5.0,0,1,0,1.0
1057,61.0,3.0,0,1,0,0.0
1058,-6.0,21.0,1,0,0,1.0
1059,12.0,-7.0,0,1,0,0.0
1060,2.0,9.0,1,0,0,1.0
1061,4.0,9.0,1,0,0,1.0
1062,4.0,20.0,1,0,0,1.0
1063,-2.0,-18.0,0,1,0,1.0
1064,1.0,15.0,1,0,0,1.0
1065,12.0,3.0,1,0,0,1.0
1066,-2.0,-15.0,0,1,0,1.0
1067,0.0,-13.0,0,1,0,1.0
1068,18.0,-4.0,0,1,0,1.0
1069,-15.0,21.0,1,0,0,1.0
1070,13.0,-23.0,0,1,0,1.0
1071,12.0,-3.0,1,0,0,1.0
1072,42.0,6.0,0,1,0,1.0
1073,1.0,-12.0,1,0,0,1.0
1074,16.0,-10.0,0,1,0,1.0
1075,-9.0,12.0,1,0,0,1.0
1076,2.0,21.0,1,0,0,1.0
1077,16.0,-12.0,0,1,0,1.0
1078,8.0,11.0,1,0,0,1.0
1079,19.0,-1.0,0,1,0,1.0
1080,12.0,-4.0,0,1,0,1.0
1081,11.0,6.0,1,0,0,1.0
1082,14.0,-1.0,1,0,0,1.0
1083,-1.0,5.0,1,0,0,1.0
1084,-8.0,-17.0,0,1,0,1.0
1085,-3.0,0.0,1,0,0,1.0
1086,6.0,-6.0,0,1,0,1.0
1087,-5.0,18.0,1,0,0,1.0
1088,0.0,14.0,1,0,0,1.0
1089,63.0,1.0,0,1,0,0.0
1090,11.0,1.0,0,1,0,1.0
1091,16.0,1.0,0,1,0,1.0
1092,8.0,2.0,0,1,0,1.0
1093,-10.0,14.0,1,0,0,1.0
1094,10.0,-15.0,0,1,0,1.0
1095,5.0,7.0,0,1,0,1.0
1096,-1.0,12.0,1,0,0,1.0
1097,3.0,15.0,1,0,0,1.0
1098,40.0,-2.0,1,0,0,0.0
1099,36.0,39.0,0,1,0,0.0
1100,-9.0,14.0,1,0,0,1.0
1101,0.0,-9.0,1,0,0,1.0
1102,9.0,-5.0,0,1,0,1.0
1103,15.0,1.0,1,0,0,1.0
1104,57.0,3.0,0,1,0,0.0
1105,5.0,-24.0,0,1,0,1.0
1106,10.0,6.0,0,1,0,1.0
1107,18.0,-11.0,0,1,0,1.0
1108,48.0,2.0,0,1,0,0.0
1109,-8.0,-11.0,0,1,0,1.0
1110,7.0,5.0,0,1,0,1.0
1111,12.0,5.0,1,0,0,1.0
1112,-8.0,-7.0,0,1,0,1.0
1113,7.0,-12.0,0,1,0,1.0
1114,11.0,-17.0,0,1,0,1.0
1115,53.0,13.0,0,1,0,1.0
1116,9.0,1.0,1,0,0,1.0
1117,-1.0,11.0,1,0,0,1.0
1118,2.0,-13.0,0,1,0,1.0
1119,66.0,8.0,0,1,0,0.0
1120,7.0,-15.0,0,1,0,1.0
1121,0.0,13.0,1,0,0,1.0
1122,11.0,-6.0,0,1,0,1.0
1123,4.0,18.0,0,1,0,1.0
1124,8.0,8.0,0,1,0,1.0
1125,-4.0,0.0,1,0,0,1.0
1126,-4.0,-6.0,1,0,0,1.0
1127,10.0,3.0,0,1,0,1.0
1128,17.0,-25.0,0,1,0,1.0
1129,11.0,-7.0,0,1,0,1.0
1130,-13.0,5.0,0,1,0,1.0
1131,4.0,24.0,1,0,0,1.0
1132,7.0,-16.0,0,1,0,1.0
1133,-5.0,14.0,1,0,0,1.0
1134,14.0,-13.0,0,1,0,1.0
1135,-10.0,0.0,1,0,0,1.0
1136,2.0,18.0,1,0,0,1.0
1137,6.0,-10.0,1,0,0,1.0
1138,6.0,-1.0,0,1,0,1.0
1139,-2.0,9.0,1,0,0,1.0
1140,-6.0,7.0,1,0,0,1.0
1141,8.0,-2.0,1,0,0,1.0
1142,4.0,-16.0,0,1,0,1.0
1143,-3.0,15.0,0,1,0,1.0
1144,2.0,16.0,1,0,0,1.0
1145,9.0,-5.0,0,1,0,1.0
1146,11.0,7.0,0,1,0,1.0
1147,16.0,1.0,0,1,0,1.0
1148,14.0,-1.0,1,0,0,1.0
1149,-7.0,-8.0,0,1,0,1.0
1150,7.0,-19.0,0,1,0,1.0
1151,7.0,-6.0,1,0,0,1.0
1152,-2.0,16.0,1,0,0,1.0
1153,-4.0,1.0,1,0,0,1.0
1154,-3.0,-4.0,1,0,0,1.0
1155,0.0,-9.0,1,0,0,1.0
1156,9.0,6.0,0,1,0,1.0
1157,-3.0,19.0,1,0,0,1.0
1158,-1.0,-12.0,0,1,0,1.0
1159,0.0,-10.0,1,0,0,1.0
1160,14.0,-8.0,1,0,0,1.0
1161,-4.0,7.0,1,0,0,1.0
1162,5.0,15.0,1,0,0,0.0
1163,18.0,0.0,0,1,0,1.0
1164,46.0,1.0,0,1,0,1.0
1165,-1.0,6.0,1,0,0,1.0
1166,3.0,-4.0,0,1,0,1.0
1167,4.0,7.0,1,0,0,1.0
1168,4.0,14.0,1,0,0,1.0
1169,-4.0,-12.0,0,1,0,1.0
1170,20.0,-22.0,0,1,0,1.0
1171,4.0,8.0,1,0,0,1.0
1172,7.0,6.0,1,0,0,1.0
1173,-5.0,6.0,1,0,0,1.0
1174,8.0,8.0,1,0,0,1.0
1175,-9.0,7.0,1,0,0,1.0
1176,1.0,-16.0,1,0,0,1.0
1177,0.0,13.0,1,0,0,1.0
1178,12.0,4.0,1,0,0,1.0
1179,-7.0,-26.0,0,1,0,1.0
1180,-1.0,14.0,1,0,0,1.0
1181,30.0,-14.0,0,1,0,0.0
1182,4.0,-15.0,1,0,0,1.0
1183,68.0,1.0,0,1,0,1.0
1184,0.0,-10.0,1,0,0,1.0
1185,11.0,-15.0,0,1,0,1.0
1186,-6.0,10.0,1,0,0,1.0
1187,17.0,0.0,1,0,0,0.0
1188,-3.0,-11.0,1,0,0,1.0
1189,9.0,8.0,0,1,0,1.0
1190,8.0,14.0,1,0,0,1.0
1191,-2.0,-17.0,0,1,0,1.0
1192,11.0,7.0,0,1,0,0.0
1193,6.0,2.0,1,0,0,1.0
1194,6.0,-6.0,0,1,0,1.0
1195,0.0,16.0,1,0,0,1.0
1196,6.0,17.0,1,0,0,1.0
1197,53.0,-20.0,0,1,0,0.0
1198,11.0,8.0,1,0,0,1.0
1199,6.0,8.0,1,0,0,0.0
1200,24.0,31.0,0,0,1,1.0
1201,3.0,14.0,1,0,0,1.0
1202,7.0,-11.0,1,0,0,1.0
1203,-4.0,14.0,1,0,0,1.0
1204,15.0,18.0,1,0,0,1.0
1205,19.0,-5.0,0,1,0,1.0
1206,11.0,4.0,0,1,0,0.0
1207,11.0,-1.0,0,1,0,1.0
1208,53.0,30.0,0,1,0,1.0
1209,7.0,6.0,1,0,0,1.0
1210,9.0,6.0,0,1,0,1.0
1211,-4.0,8.0,1,0,0,1.0
1212,6.0,11.0,1,0,0,1.0
1213,64.0,-14.0,1,0,0,0.0
1214,1.0,-13.0,1,0,0,1.0
1215,2.0,10.0,1,0,0,1.0
1216,1.0,18.0,1,0,0,1.0
1217,-3.0,-8.0,1,0,0,0.0
1218,4.0,14.0,1,0,0,1.0
1219,8.0,13.0,1,0,0,1.0
1220,-5.0,9.0,1,0,0,1.0
1221,-6.0,0.0,1,0,0,1.0
1222,3.0,-8.0,1,0,0,1.0
1223,-1.0,-9.0,1,0,0,1.0
1224,7.0,-8.0,0,1,0,1.0
1225,1.0,31.0,0,0,1,1.0
1226,0.0,-17.0,0,1,0,1.0
1227,13.0,22.0,0,0,0,1.0
1228,0.0,-25.0,0,1,0,1.0
1229,6.0,-9.0,1,0,0,1.0
1230,48.0,5.0,0,1,0,0.0
1231,8.0,22.0,1,0,0,1.0
1232,6.0,-14.0,0,1,0,0.0
1233,0.0,-9.0,1,0,0,1.0
1234,17.0,-6.0,0,1,0,1.0
1235,17.0,20.0,0,0,1,0.0
1236,5.0,-10.0,0,1,0,1.0
1237,15.0,-7.0,0,1,0,1.0
1238,14.0,-2.0,0,1,0,1.0
1239,56.0,22.0,0,1,0,1.0
1240,14.0,-13.0,1,0,0,1.0
1241,9.0,-12.0,0,1,0,1.0
1242,-6.0,12.0,1,0,0,1.0
1243,9.0,12.0,0,1,0,1.0
1244,12.0,8.0,1,0,0,1.0
1245,8.0,-8.0,1,0,0,0.0
1246,14.0,2.0,0,1,0,1.0
1247,1.0,8.0,1,0,0,1.0
1248,2.0,14.0,1,0,0,1.0
1249,8.0,11.0,1,0,0,1.0
1250,15.0,-2.0,0,1,0,1.0
1251,1.0,-6.0,0,1,0,1.0
1252,15.0,-12.0,0,1,0,1.0
1253,17.0,6.0,0,1,0,1.0
1254,26.0,31.0,1,0,0,0.0
1255,2.0,6.0,1,0,0,1.0
1256,10.0,-4.0,0,1,0,1.0
1257,-7.0,8.0,1,0,0,1.0
1258,0.0,-15.0,0,1,0,1.0
1259,53.0,4.0,0,1,0,0.0
1260,8.0,-19.0,0,1,0,1.0
1261,15.0,1.0,0,1,0,1.0
1262,25.0,-2.0,0,1,0,1.0
1263,-15.0,18.0,1,0,0,1.0
1264,4.0,15.0,1,0,0,1.0
1265,19.0,4.0,0,1,0,1.0
1266,23.0,0.0,1,0,0,1.0
1267,2.0,7.0,1,0,0,1.0
1268,0.0,13.0,1,0,0,1.0
1269,10.0,7.0,0,1,0,1.0
1270,12.0,-1.0,0,1,0,1.0
1271,-9.0,-6.0,1,0,0,1.0
1272,8.0,-16.0,0,1,0,1.0
1273,1.0,11.0,1,0,0,1.0
1274,-6.0,-4.0,1,0,0,1.0
1275,9.0,15.0,1,0,0,0.0
1276,-8.0,9.0,1,0,0,1.0
1277,4.0,12.0,1,0,0,1.0
1278,12.0,14.0,1,0,0,0.0
1279,-1.0,23.0,1,0,0,1.0
1280,9.0,16.0,1,0,0,1.0
1281,45.0,-32.0,0,1,0,1.0
1282,5.0,-12.0,1,0,0,1.0
1283,23.0,-10.0,0,1,0,1.0
1284,15.0,14.0,0,1,0,1.0
1285,13.0,-16.0,0,1,0,1.0
1286,-13.0,9.0,1,0,0,1.0
1287,3.0,21.0,1,0,0,0.0
1288,8.0,9.0,0,1,0,1.0
1289,-6.0,6.0,1,0,0,1.0
1290,12.0,14.0,1,0,0,1.0
1291,-6.0,-8.0,0,1,0,1.0
1292,7.0,-28.0,0,1,0,1.0
1293,17.0,-1.0,0,1,0,1.0
1294,14.0,0.0,0,1,0,1.0
1295,24.0,1.0,0,1,0,1.0
1296,24.0,7.0,1,0,0,1.0
1297,-1.0,-7.0,1,0,0,1.0
1298,13.0,-8.0,0,1,0,1.0
1299,11.0,1.0,1,0,0,1.0
1300,55.0,3.0,0,1,0,1.0
1301,21.0,12.0,1,0,0,1.0
1302,10.0,-18.0,0,1,0,1.0
1303,11.0,4.0,1,0,0,1.0
1304,17.0,-3.0,1,0,0,1.0
1305,43.0,5.0,1,0,0,1.0
1306,3.0,-21.0,1,0,0,1.0
1307,12.0,-13.0,0,1,0,1.0
1308,5.0,1.0,0,1,0,1.0
1309,67.0,6.0,0,1,0,1.0
1310,4.0,-15.0,0,1,0,1.0
1311,6.0,21.0,0,1,0,0.0
1312,44.0,-9.0,0,1,0,1.0
1313,3.0,6.0,1,0,0,1.0
1314,8.0,-15.0,0,1,0,1.0
1315,-2.0,14.0,1,0,0,1.0
1316,1.0,16.0,1,0,0,1.0
1317,14.0,2.0,1,0,0,1.0
1318,-2.0,-11.0,0,1,0,1.0
1319,22.0,-21.0,0,1,0,1.0
1320,-7.0,13.0,1,0,0,1.0
1321,21.0,-15.0,0,0,0,1.0
1322,-4.0,5.0,1,0,0,1.0
1323,-2.0,10.0,1,0,0,1.0
1324,15.0,-2.0,0,1,0,0.0
1325,2.0,11.0,1,0,0,1.0
1326,-5.0,-4.0,1,0,0,1.0
1327,1.0,-9.0,0,1,0,1.0
1328,59.0,-18.0,0,1,0,0.0
1329,-1.0,-19.0,0,1,0,1.0
1330,11.0,-15.0,1,0,0,1.0
1331,8.0,2.0,1,0,0,1.0
1332,61.0,12.0,0,1,0,0.0
1333,8.0,14.0,1,0,0,1.0
1334,15.0,-6.0,0,1,0,1.0
1335,45.0,7.0,1,0,0,0.0
1336,1.0,30.0,1,0,0,0.0
1337,14.0,11.0,1,0,0,1.0
1338,0.0,-11.0,1,0,0,1.0
1339,13.0,-1.0,1,0,0,1.0
1340,4.0,4.0,1,0,0,1.0
1341,13.0,-6.0,0,1,0,0.0
1342,5.0,-1.0,0,1,0,1.0
1343,14.0,1.0,0,1,0,1.0
1344,10.0,0.0,0,1,0,1.0
1345,-1.0,-21.0,0,1,0,1.0
1346,10.0,-16.0,0,1,0,1.0
1347,20.0,2.0,1,0,0,1.0
1348,0.0,10.0,1,0,0,1.0
1349,11.0,-10.0,0,1,0,1.0
1350,-2.0,5.0,1,0,0,1.0
1351,13.0,29.0,1,0,0,1.0
1352,10.0,22.0,1,0,0,1.0
1353,17.0,8.0,1,0,0,1.0
1354,-9.0,-4.0,0,1,0,1.0
1355,-1.0,-18.0,0,1,0,1.0
1356,7.0,9.0,0,1,0,1.0
1357,4.0,9.0,1,0,0,1.0
1358,-6.0,-16.0,0,1,0,1.0
1359,13.0,-18.0,0,1,0,1.0
1360,10.0,6.0,0,1,0,1.0
1361,-8.0,6.0,1,0,0,1.0
1362,2.0,25.0,1,0,0,1.0
1363,10.0,-5.0,0,1,0,1.0
1364,-8.0,-11.0,0,1,0,1.0
1365,10.0,-20.0,0,1,0,1.0
1366,-9.0,6.0,1,0,0,1.0
1367,4.0,18.0,1,0,0,1.0
1368,-7.0,3.0,1,0,0,1.0
1369,18.0,4.0,0,1,0,1.0
1370,3.0,6.0,1,0,0,1.0
1371,22.0,-3.0,1,0,0,0.0
1372,0.0,15.0,1,0,0,1.0
1373,3.0,15.0,1,0,0,1.0
1374,66.0,7.0,0,1,0,0.0
1375,10.0,9.0,0,1,0,1.0
1376,61.0,-2.0,0,1,0,1.0
1377,6.0,1.0,1,0,0,1.0
1378,13.0,-5.0,0,1,0,1.0
1379,6.0,0.0,1,0,0,1.0
1380,51.0,6.0,0,1,0,1.0
1381,11.0,3.0,1,0,0,1.0
1382,-3.0,-4.0,1,0,0,1.0
1383,18.0,-4.0,1,0,0,1.0
1384,10.0,-7.0,0,1,0,1.0
1385,-8.0,5.0,1,0,0,1.0
1386,14.0,12.0,0,1,0,0.0
1387,7.0,7.0,1,0,0,1.0
1388,-4.0,-4.0,1,0,0,1.0
1389,1.0,20.0,1,0,0,1.0
1390,-6.0,-11.0,1,0,0,1.0
1391,7.0,-16.0,0,1,0,1.0
1392,40.0,-2.0,0,1,0,1.0
1393,11.0,-14.0,1,0,0,1.0
1394,15.0,-16.0,0,1,0,1.0
1395,12.0,-2.0,0,1,0,1.0
1396,-8.0,11.0,1,0,0,1.0
1397,-6.0,18.0,1,0,0,1.0
1398,65.0,-21.0,0,1,0,1.0
1399,18.0,-18.0,0,1,0,1.0
1400,0.0,22.0,1,0,0,1.0
1401,52.0,-4.0,0,0,1,1.0
1402,-10.0,3.0,1,0,0,1.0
1403,12.0,-4.0,0,1,0,1.0
1404,3.0,-14.0,1,0,0,1.0
1405,-7.0,13.0,1,0,0,1.0
1406,9.0,13.0,1,0,0,1.0
1407,-10.0,-8.0,1,0,0,1.0
1408,20.0,-7.0,0,1,0,1.0
1409,10.0,-8.0,1,0,0,1.0
1410,10.0,-6.0,0,1,0,1.0
1411,-5.0,4.0,1,0,0,1.0
1412,8.0,24.0,1,0,0,1.0
1413,10.0,8.0,1,0,0,1.0
1414,12.0,-37.0,0,1,0,1.0
1415,9.0,5.0,1,0,0,1.0
1416,6.0,11.0,0,1,0,1.0
1417,-7.0,-25.0,0,1,0,1.0
1418,-3.0,9.0,1,0,0,1.0
1419,-4.0,13.0,1,0,0,1.0
1420,4.0,6.0,1,0,0,1.0
1421,9.0,2.0,0,1,0,1.0
1422,13.0,-16.0,0,1,0,1.0
1423,2.0,11.0,0,0,0,1.0
1424,10.0,5.0,0,1,0,1.0
1425,-6.0,-16.0,0,1,0,1.0
1426,10.0,-17.0,0,1,0,1.0
1427,19.0,-4.0,0,1,0,1.0
1428,12.0,1.0,0,1,0,1.0
1429,8.0,3.0,0,1,0,1.0
1430,2.0,8.0,1,0,0,1.0
1431,3.0,-19.0,0,1,0,1.0
1432,-2.0,14.0,1,0,0,1.0
1433,13.0,-9.0,0,1,0,1.0
1434,5.0,-6.0,0,1,0,1.0
1435,-4.0,18.0,1,0,0,1.0
1436,3.0,17.0,1,0,0,1.0
1437,12.0,0.0,0,1,0,1.0
1438,13.0,-1.0,1,0,0,1.0
1439,-7.0,-8.0,0,1,0,1.0
1440,11.0,3.0,0,1,0,1.0
1441,13.0,7.0,1,0,0,1.0
1442,-5.0,-4.0,0,1,0,1.0
1443,0.0,-12.0,1,0,0,1.0
1444,4.0,14.0,1,0,0,1.0
1445,-4.0,-9.0,0,1,0,1.0
1446,4.0,-16.0,1,0,0,1.0
1447,-6.0,1.0,1,0,0,1.0
1448,3.0,-8.0,1,0,0,1.0
1449,14.0,4.0,0,1,0,1.0
1450,4.0,15.0,1,0,0,1.0
1451,13.0,5.0,0,1,0,1.0
1452,7.0,-14.0,0,1,0,1.0
1453,-8.0,-14.0,0,1,0,1.0
1454,11.0,12.0,1,0,0,1.0
1455,0.0,15.0,1,0,0,1.0
1456,-9.0,-14.0,1,0,0,1.0
1457,8.0,-17.0,1,0,0,1.0
1458,-2.0,15.0,1,0,0,1.0
1459,-4.0,4.0,1,0,0,1.0
1460,13.0,11.0,0,1,0,1.0
1461,5.0,-7.0,1,0,0,0.0
1462,7.0,4.0,1,0,0,1.0
1463,-3.0,16.0,1,0,0,1.0
1464,11.0,-21.0,0,1,0,1.0
1465,6.0,-4.0,1,0,0,1.0
1466,2.0,10.0,0,1,0,1.0
1467,8.0,17.0,1,0,0,1.0
1468,-8.0,-10.0,1,0,0,1.0
1469,8.0,-15.0,0,1,0,1.0
1470,7.0,6.0,1,0,0,1.0
1471,17.0,4.0,1,0,0,1.0
1472,-6.0,-12.0,0,1,0,1.0
1473,6.0,-21.0,0,1,0,1.0
1474,-5.0,12.0,1,0,0,1.0
1475,9.0,16.0,1,0,0,1.0
1476,5.0,-17.0,0,1,0,1.0
1477,-6.0,6.0,1,0,0,1.0
1478,-6.0,3.0,1,0,0,1.0
1479,-1.0,12.0,1,0,0,1.0
1480,20.0,0.0,1,0,0,1.0
1481,-8.0,-15.0,0,1,0,1.0
1482,1.0,-13.0,0,1,0,1.0
1483,21.0,-9.0,0,1,0,1.0
1484,28.0,0.0,0,1,0,1.0
1485,7.0,-2.0,1,0,0,1.0
1486,1.0,21.0,1,0,0,1.0
1487,7.0,-18.0,0,1,0,1.0
1488,17.0,0.0,0,1,0,1.0
1489,-1.0,-13.0,1,0,0,1.0
1490,12.0,-1.0,1,0,0,1.0
1491,16.0,-3.0,0,1,0,1.0
1492,10.0,0.0,0,1,0,1.0
1493,-5.0,8.0,0,1,0,1.0
1494,0.0,20.0,1,0,0,1.0
1495,-3.0,-1.0,1,0,0,1.0
1496,-1.0,-7.0,0,1,0,1.0
1497,15.0,-14.0,0,1,0,1.0
1498,9.0,-3.0,1,0,0,1.0
1499,-2.0,16.0,1,0,0,1.0
1500,8.0,4.0,1,0,0,1.0
1501,15.0,2.0,0,1,0,1.0
1502,55.0,-2.0,1,0,0,0.0
1503,14.0,-2.0,0,1,0,1.0
1504,5.0,-5.0,0,1,0,1.0
1505,-11.0,8.0,1,0,0,1.0
1506,11.0,-8.0,0,1,0,1.0
1507,-9.0,12.0,1,0,0,1.0
1508,7.0,-4.0,1,0,0,0.0
1509,7.0,8.0,0,1,0,1.0
1510,-9.0,-11.0,0,1,0,1.0
1511,2.0,-20.0,1,0,0,1.0
1512,23.0,-8.0,0,1,0,1.0
1513,6.0,5.0,1,0,0,1.0
1514,0.0,6.0,1,0,0,1.0
1515,0.0,-7.0,0,1,0,1.0
1516,4.0,7.0,1,0,0,1.0
1517,-1.0,-8.0,0,1,0,1.0
1518,11.0,-20.0,0,1,0,1.0
1519,-12.0,4.0,1,0,0,1.0
1520,34.0,31.0,0,0,1,1.0
1521,11.0,1.0,1,0,0,1.0
1522,9.0,2.0,1,0,0,1.0
1523,-10.0,-20.0,0,0,0,1.0
1524,10.0,7.0,1,0,0,0.0
1525,5.0,12.0,1,0,0,1.0
1526,-1.0,15.0,1,0,0,1.0
1527,4.0,-22.0,0,1,0,1.0
1528,-3.0,15.0,1,0,0,1.0
1529,9.0,-19.0,0,1,0,1.0
1530,-2.0,15.0,1,0,0,1.0
1531,7.0,13.0,1,0,0,1.0
1532,19.0,2.0,0,1,0,1.0
1533,39.0,2.0,1,0,0,0.0
1534,69.0,9.0,0,1,0,1.0
1535,17.0,2.0,0,1,0,1.0
1536,-11.0,5.0,1,0,0,1.0
1537,16.0,8.0,0,0,0,1.0
1538,18.0,4.0,0,1,0,1.0
1539,10.0,-5.0,0,1,0,1.0
1540,23.0,-5.0,1,0,0,0.0
1541,39.0,13.0,0,1,0,0.0
1542,6.0,-16.0,0,1,0,1.0
1543,18.0,-3.0,0,1,0,1.0
1544,28.0,8.0,1,0,0,0.0
1545,0.0,-3.0,1,0,0,1.0
1546,-1.0,-13.0,0,1,0,1.0
1547,12.0,-11.0,0,1,0,1.0
1548,8.0,-2.0,0,1,0,1.0
1549,72.0,14.0,0,1,0,0.0
1550,12.0,-6.0,1,0,0,1.0
1551,15.0,-7.0,0,1,0,1.0
1552,2.0,16.0,1,0,0,1.0
1553,6.0,10.0,0,1,0,1.0
1554,22.0,-2.0,0,1,0,1.0
1555,7.0,-3.0,0,1,0,1.0
1556,5.0,1.0,0,1,0,1.0
1557,-5.0,-4.0,1,0,0,1.0
1558,0.0,6.0,1,0,0,1.0
1559,-6.0,-17.0,0,1,0,1.0
1560,11.0,11.0,1,0,0,1.0
1561,-4.0,-7.0,1,0,0,1.0
1562,6.0,-17.0,0,1,0,1.0
1563,12.0,-5.0,0,1,0,1.0
1564,13.0,1.0,0,1,0,1.0
1565,8.0,-7.0,0,1,0,1.0
1566,9.0,-5.0,0,1,0,1.0
1567,3.0,-2.0,1,0,0,1.0
1568,-4.0,10.0,1,0,0,1.0
1569,0.0,-8.0,1,0,0,1.0
1570,9.0,5.0,0,1,0,0.0
1571,3.0,6.0,1,0,0,1.0
1572,-3.0,-27.0,0,0,0,1.0
1573,5.0,-6.0,0,1,0,1.0
1574,7.0,7.0,1,0,0,1.0
1575,9.0,-5.0,1,0,0,1.0
1576,11.0,-6.0,0,1,0,1.0
1577,8.0,7.0,1,0,0,1.0
1578,0.0,15.0,1,0,0,1.0
1579,10.0,13.0,1,0,0,1.0
1580,1.0,-10.0,1,0,0,1.0
1581,5.0,-10.0,0,1,0,1.0
1582,-11.0,0.0,1,0,0,1.0
1583,27.0,-13.0,1,0,0,1.0
1584,1.0,7.0,1,0,0,1.0
1585,16.0,4.0,0,1,0,1.0
1586,10.0,-14.0,0,1,0,1.0
1587,4.0,10.0,1,0,0,1.0
1588,14.0,-14.0,0,1,0,1.0
1589,7.0,7.0,1,0,0,1.0
1590,-4.0,18.0,1,0,0,1.0
1591,17.0,9.0,1,0,0,1.0
1592,13.0,1.0,0,1,0,1.0
1593,16.0,1.0,1,0,0,1.0
1594,11.0,-4.0,1,0,0,1.0
1595,10.0,20.0,1,0,0,1.0
1596,7.0,0.0,1,0,0,1.0
1597,-10.0,-9.0,1,0,0,1.0
1598,0.0,7.0,1,0,0,1.0
1599,-5.0,-7.0,1,0,0,1.0
1600,5.0,-11.0,0,1,0,1.0
1601,2.0,7.0,0,1,0,1.0
1602,-1.0,12.0,1,0,0,1.0
1603,13.0,6.0,1,0,0,1.0
1604,3.0,-13.0,0,1,0,1.0
1605,-2.0,6.0,1,0,0,1.0
1606,0.0,-6.0,1,0,0,1.0
1607,3.0,-13.0,0,1,0,1.0
1608,10.0,13.0,1,0,0,1.0
1609,-9.0,5.0,0,1,0,1.0
1610,-5.0,-19.0,0,1,0,1.0
1611,9.0,-8.0,1,0,0,1.0
1612,20.0,-4.0,0,1,0,1.0
1613,-9.0,13.0,1,0,0,1.0
1614,7.0,22.0,1,0,0,1.0
1615,10.0,3.0,1,0,0,1.0
1616,-10.0,-26.0,0,1,0,1.0
1617,8.0,-8.0,1,0,0,1.0
1618,-3.0,18.0,1,0,0,1.0
1619,14.0,9.0,0,1,0,1.0
1620,19.0,6.0,1,0,0,1.0
1621,11.0,-14.0,1,0,0,1.0
1622,8.0,-10.0,0,1,0,1.0
1623,-4.0,11.0,1,0,0,1.0
1624,4.0,13.0,1,0,0,1.0
1625,-5.0,3.0,1,0,0,1.0
1626,16.0,3.0,1,0,0,1.0
1627,15.0,0.0,1,0,0,1.0
1628,-8.0,-19.0,0,1,0,1.0
1629,8.0,-17.0,0,1,0,1.0
1630,14.0,4.0,0,1,0,1.0
1631,19.0,-5.0,0,1,0,1.0
1632,9.0,-1.0,0,1,0,1.0
1633,14.0,-2.0,1,0,0,1.0
1634,11.0,13.0,1,0,0,0.0
1635,-4.0,12.0,1,0,0,1.0
1636,4.0,14.0,1,0,0,1.0
1637,13.0,12.0,1,0,0,1.0
1638,-11.0,-1.0,1,0,0,1.0
1639,0.0,-9.0,0,1,0,1.0
1640,-2.0,17.0,1,0,0,1.0
1641,6.0,9.0,1,0,0,1.0
1642,52.0,-3.0,1,0,0,1.0
1643,-5.0,-3.0,1,0,0,1.0
1644,8.0,-14.0,0,1,0,1.0
1645,4.0,6.0,1,0,0,1.0
1646,-5.0,3.0,1,0,0,1.0
1647,1.0,8.0,1,0,0,1.0
1648,1.0,-26.0,0,1,0,1.0
1649,-5.0,2.0,1,0,0,1.0
1650,-4.0,12.0,1,0,0,1.0
1651,4.0,6.0,1,0,0,1.0
1652,-1.0,7.0,1,0,0,1.0
1653,-2.0,-8.0,0,1,0,1.0
1654,-1.0,6.0,1,0,0,1.0
1655,8.0,-12.0,0,1,0,1.0
1656,10.0,9.0,1,0,0,1.0
1657,11.0,-14.0,1,0,0,1.0
1658,7.0,-12.0,0,1,0,1.0
1659,-5.0,15.0,1,0,0,1.0
1660,16.0,-13.0,0,1,0,0.0
1661,32.0,-3.0,0,1,0,1.0
1662,7.0,-16.0,0,1,0,1.0
1663,7.0,10.0,1,0,0,1.0
1664,10.0,-10.0,0,1,0,1.0
1665,68.0,15.0,1,0,0,1.0
1666,16.0,6.0,1,0,0,1.0
1667,17.0,-8.0,0,1,0,1.0
1668,11.0,-10.0,0,1,0,1.0
1669,11.0,0.0,0,1,0,1.0
1670,-6.0,15.0,1,0,0,1.0
1671,12.0,-12.0,0,1,0,1.0
1672,7.0,-4.0,0,1,0,1.0
1673,-5.0,28.0,1,0,0,1.0
1674,-2.0,-8.0,0,1,0,1.0
1675,-1.0,-5.0,1,0,0,0.0
1676,9.0,-12.0,0,1,0,1.0
1677,-7.0,16.0,1,0,0,1.0
1678,8.0,-10.0,0,1,0,1.0
1679,12.0,-10.0,0,1,0,1.0
1680,12.0,14.0,1,0,0,1.0
1681,15.0,19.0,1,0,0,1.0
1682,10.0,3.0,1,0,0,1.0
1683,19.0,5.0,1,0,0,1.0
1684,2.0,-14.0,0,1,0,1.0
1685,57.0,10.0,0,0,1,1.0
1686,-4.0,14.0,1,0,0,1.0
1687,16.0,-15.0,1,0,0,1.0
1688,-5.0,-7.0,0,0,0,1.0
1689,6.0,3.0,1,0,0,1.0
1690,9.0,-8.0,1,0,0,1.0
1691,17.0,2.0,0,1,0,1.0
1692,7.0,7.0,1,0,0,1.0
1693,15.0,-7.0,0,1,0,1.0
1694,30.0,3.0,1,0,0,1.0
1695,6.0,9.0,1,0,0,1.0
1696,17.0,2.0,1,0,0,1.0
1697,1.0,-11.0,0,1,0,1.0
1698,10.0,23.0,0,0,1,1.0
1699,-6.0,-7.0,0,1,0,1.0
1700,0.0,-15.0,0,1,0,1.0
1701,7.0,-10.0,0,1,0,1.0
1702,15.0,-1.0,0,1,0,1.0
1703,5.0,6.0,1,0,0,1.0
1704,17.0,-7.0,0,1,0,1.0
1705,14.0,0.0,0,1,0,1.0
1706,12.0,3.0,0,1,0,1.0
1707,14.0,-11.0,1,0,0,1.0
1708,6.0,-7.0,0,1,0,1.0
1709,10.0,-2.0,1,0,0,1.0
1710,-5.0,18.0,0,1,0,1.0
1711,8.0,12.0,1,0,0,1.0
1712,24.0,-1.0,0,1,0,1.0
1713,-9.0,-5.0,1,0,0,1.0
1714,-1.0,-15.0,0,1,0,1.0
1715,14.0,-14.0,0,1,0,1.0
1716,-9.0,16.0,0,1,0,1.0
1717,2.0,11.0,1,0,0,1.0
1718,8.0,-16.0,0,1,0,1.0
1719,7.0,-11.0,0,1,0,1.0
1720,10.0,0.0,1,0,0,1.0
1721,-5.0,5.0,1,0,0,1.0
1722,3.0,-5.0,1,0,0,1.0
1723,-9.0,17.0,1,0,0,1.0
1724,12.0,10.0,0,1,0,1.0
1725,-8.0,-2.0,1,0,0,1.0
1726,-7.0,-1.0,1,0,0,1.0
1727,8.0,12.0,1,0,0,1.0
1728,20.0,1.0,1,0,0,1.0
1729,17.0,-10.0,1,0,0,1.0
1730,12.0,-6.0,0,1,0,1.0
1731,75.0,-2.0,1,0,0,1.0
1732,14.0,2.0,1,0,0,1.0
1733,12.0,10.0,0,1,0,1.0
1734,10.0,-5.0,1,0,0,1.0
1735,10.0,6.0,1,0,0,1.0
1736,13.0,-1.0,1,0,0,1.0
1737,-10.0,-5.0,0,1,0,1.0
1738,5.0,-15.0,0,1,0,1.0
1739,10.0,4.0,1,0,0,1.0
1740,2.0,5.0,1,0,0,1.0
1741,-4.0,-7.0,0,1,0,1.0
1742,2.0,16.0,0,1,0,1.0
1743,11.0,-15.0,1,0,0,1.0
1744,6.0,-10.0,0,1,0,1.0
1745,10.0,18.0,1,0,0,1.0
1746,1.0,-10.0,1,0,0,1.0
1747,14.0,-5.0,1,0,0,1.0
1748,0.0,-2.0,1,0,0,1.0
1749,-2.0,12.0,1,0,0,1.0
1750,5.0,9.0,1,0,0,1.0
1751,2.0,8.0,1,0,0,1.0
1752,8.0,-1.0,0,1,0,1.0
1753,9.0,-5.0,0,1,0,1.0
1754,10.0,-1.0,0,1,0,1.0
1755,11.0,7.0,1,0,0,1.0
1756,22.0,0.0,0,1,0,1.0
1757,-3.0,-8.0,0,1,0,1.0
1758,13.0,-9.0,1,0,0,1.0
1759,9.0,-3.0,1,0,0,1.0
1760,11.0,4.0,0,1,0,1.0
1761,-8.0,13.0,1,0,0,1.0
1762,5.0,14.0,1,0,0,1.0
1763,10.0,5.0,1,0,0,1.0
1764,-8.0,-5.0,0,1,0,1.0
1765,-4.0,1.0,1,0,0,1.0
1766,-13.0,-10.0,0,1,0,1.0
1767,8.0,6.0,1,0,0,1.0
1768,5.0,4.0,1,0,0,1.0
1769,4.0,5.0,1,0,0,1.0
1770,12.0,-5.0,0,1,0,1.0
1771,3.0,5.0,1,0,0,1.0
1772,37.0,0.0,0,1,0,1.0
1773,8.0,4.0,1,0,0,1.0
1774,5.0,12.0,1,0,0,1.0
1775,-11.0,-6.0,0,1,0,1.0
1776,16.0,-12.0,0,1,0,1.0
1777,-10.0,-5.0,1,0,0,1.0
1778,69.0,7.0,0,1,0,1.0
1779,5.0,13.0,1,0,0,1.0
1780,3.0,-13.0,0,1,0,1.0
1781,26.0,-3.0,0,1,0,1.0
1782,56.0,1.0,0,1,0,1.0
1783,19.0,15.0,1,0,0,1.0
1784,8.0,-9.0,0,1,0,1.0
1785,14.0,-8.0,0,1,0,1.0
1786,17.0,-4.0,0,1,0,0.0
1787,-14.0,-16.0,0,1,0,1.0
1788,6.0,-22.0,0,1,0,1.0
1789,8.0,1.0,0,1,0,1.0
1790,-8.0,2.0,0,1,0,1.0
1791,14.0,-2.0,0,1,0,1.0
1792,15.0,-1.0,0,1,0,1.0
1793,5.0,3.0,0,1,0,0.0
1794,-5.0,-6.0,1,0,0,1.0
1795,0.0,-9.0,1,0,0,1.0
1796,6.0,-13.0,1,0,0,1.0
1797,56.0,1.0,0,1,0,0.0
1798,6.0,4.0,1,0,0,0.0
1799,-8.0,6.0,1,0,0,1.0
1800,3.0,-4.0,1,0,0,1.0
1801,-5.0,18.0,1,0,0,1.0
1802,14.0,17.0,1,0,0,1.0
1803,19.0,-1.0,0,1,0,1.0
1804,3.0,15.0,1,0,0,1.0
1805,-8.0,1.0,1,0,0,1.0
1806,-1.0,-8.0,1,0,0,1.0
1807,-6.0,16.0,0,1,0,1.0
1808,9.0,-8.0,0,1,0,1.0
1809,3.0,-8.0,1,0,0,1.0
1810,17.0,-8.0,1,0,0,1.0
1811,18.0,0.0,0,1,0,1.0
1812,22.0,-1.0,1,0,0,1.0
1813,44.0,9.0,0,1,0,1.0
1814,12.0,15.0,1,0,0,1.0
1815,16.0,-11.0,0,1,0,1.0
1816,22.0,13.0,0,1,0,1.0
1817,-4.0,-4.0,1,0,0,1.0
1818,3.0,-8.0,0,1,0,1.0
1819,4.0,-4.0,1,0,0,1.0
1820,9.0,-10.0,0,1,0,1.0
1821,2.0,13.0,1,0,0,1.0
1822,13.0,13.0,0,1,0,1.0
1823,-11.0,-18.0,0,1,0,0.0
1824,-4.0,7.0,1,0,0,1.0
1825,-4.0,-7.0,1,0,0,1.0
1826,0.0,-9.0,0,1,0,1.0
1827,6.0,-2.0,0,1,0,1.0
1828,-4.0,-7.0,1,0,0,1.0
1829,7.0,18.0,1,0,0,0.0
1830,8.0,-11.0,0,1,0,1.0
1831,0.0,21.0,1,0,0,1.0
1832,74.0,-9.0,1,0,0,0.0
1833,-9.0,2.0,1,0,0,1.0
1834,1.0,-5.0,1,0,0,1.0
1835,-7.0,-5.0,1,0,0,1.0
1836,5.0,-7.0,0,1,0,1.0
1837,-10.0,8.0,1,0,0,1.0
1838,14.0,-12.0,0,1,0,1.0
1839,-8.0,13.0,1,0,0,1.0
1840,9.0,12.0,1,0,0,1.0
1841,16.0,3.0,0,1,0,1.0
1842,6.0,-11.0,0,1,0,1.0
1843,15.0,9.0,1,0,0,1.0
1844,62.0,0.0,0,1,0,0.0
1845,9.0,15.0,0,1,0,1.0
1846,-9.0,-4.0,1,0,0,1.0
1847,5.0,-15.0,0,1,0,1.0
1848,3.0,-6.0,0,1,0,1.0
1849,-5.0,8.0,1,0,0,1.0
1850,-2.0,19.0,1,0,0,1.0
1851,6.0,11.0,1,0,0,1.0
1852,-7.0,-5.0,0,1,0,1.0
1853,0.0,-3.0,1,0,0,1.0
1854,10.0,9.0,1,0,0,1.0
1855,23.0,-3.0,0,0,1,1.0
1856,7.0,2.0,1,0,0,1.0
1857,46.0,-25.0,1,0,0,1.0
1858,17.0,4.0,1,0,0,1.0
1859,9.0,-7.0,0,1,0,1.0
1860,-6.0,-12.0,1,0,0,1.0
1861,17.0,-4.0,1,0,0,1.0
1862,-6.0,13.0,1,0,0,1.0
1863,0.0,-7.0,0,1,0,1.0
1864,14.0,11.0,0,1,0,1.0
1865,44.0,8.0,0,1,0,1.0
1866,5.0,9.0,1,0,0,1.0
1867,1.0,9.0,1,0,0,1.0
1868,2.0,-16.0,1,0,0,1.0
1869,10.0,-12.0,0,1,0,1.0
1870,-3.0,13.0,1,0,0,1.0
1871,-2.0,12.0,1,0,0,1.0
1872,-5.0,-11.0,0,1,0,1.0
1873,22.0,-21.0,0,1,0,0.0
1874,8.0,0.0,1,0,0,1.0
1875,-5.0,-11.0,0,1,0,1.0
1876,3.0,-23.0,0,1,0,1.0
1877,6.0,-3.0,0,1,0,0.0
1878,56.0,-15.0,0,1,0,1.0
1879,21.0,-5.0,0,1,0,1.0
1880,10.0,6.0,1,0,0,1.0
1881,8.0,14.0,1,0,0,1.0
1882,13.0,1.0,0,1,0,1.0
1883,12.0,1.0,1,0,0,1.0
1884,-5.0,-15.0,0,1,0,1.0
1885,20.0,-18.0,0,1,0,1.0
1886,-6.0,5.0,1,0,0,1.0
1887,-2.0,9.0,1,0,0,1.0
1888,2.0,-9.0,1,0,0,1.0
1889,2.0,5.0,1,0,0,1.0
1890,1.0,-5.0,1,0,0,1.0
1891,6.0,-6.0,1,0,0,1.0
1892,-2.0,13.0,1,0,0,1.0
1893,12.0,13.0,1,0,0,1.0
1894,-8.0,-27.0,1,0,0,1.0
1895,1.0,13.0,0,1,0,1.0
1896,-2.0,-13.0,1,0,0,1.0
1897,0.0,11.0,1,0,0,1.0
1898,-5.0,-2.0,1,0,0,1.0
1899,0.0,5.0,1,0,0,1.0
1900,-1.0,17.0,1,0,0,1.0
1901,2.0,-20.0,0,1,0,1.0
1902,-5.0,4.0,1,0,0,1.0
1903,1.0,-4.0,1,0,0,1.0
1904,5.0,-15.0,0,1,0,1.0
1905,9.0,-2.0,1,0,0,1.0
1906,-5.0,5.0,1,0,0,1.0
1907,1.0,21.0,0,1,0,1.0
1908,4.0,8.0,1,0,0,1.0
1909,-9.0,-13.0,0,1,0,1.0
1910,64.0,-20.0,0,1,0,0.0
1911,6.0,-14.0,0,1,0,1.0
1912,13.0,14.0,1,0,0,1.0
1913,-6.0,-14.0,0,1,0,1.0
1914,0.0,-13.0,1,0,0,1.0
1915,19.0,-10.0,0,1,0,1.0
1916,40.0,22.0,0,0,1,1.0
1917,15.0,3.0,1,0,0,1.0
1918,14.0,6.0,1,0,0,1.0
1919,13.0,-4.0,0,1,0,1.0
1920,11.0,7.0,1,0,0,1.0
1921,-6.0,-17.0,0,1,0,1.0
1922,-3.0,2.0,1,0,0,1.0
1923,3.0,-17.0,0,1,0,1.0
1924,13.0,-1.0,0,1,0,1.0
1925,8.0,-2.0,0,1,0,1.0
1926,11.0,0.0,0,1,0,1.0
1927,-5.0,-10.0,1,0,0,1.0
1928,6.0,-13.0,1,0,0,1.0
1929,15.0,-7.0,0,1,0,1.0
1930,15.0,1.0,0,1,0,1.0
1931,54.0,15.0,0,1,0,1.0
1932,8.0,3.0,1,0,0,1.0
1933,4.0,15.0,1,0,0,1.0
1934,14.0,-11.0,0,1,0,1.0
1935,11.0,3.0,0,1,0,1.0
1936,9.0,-1.0,0,1,0,1.0
1937,-7.0,7.0,1,0,0,1.0
1938,-4.0,-14.0,0,1,0,1.0
1939,8.0,-17.0,0,1,0,1.0
1940,-11.0,0.0,1,0,0,1.0
1941,-7.0,20.0,1,0,0,1.0
1942,5.0,9.0,1,0,0,1.0
1943,10.0,5.0,1,0,0,1.0
1944,5.0,-12.0,0,1,0,1.0
1945,10.0,10.0,1,0,0,1.0
1946,16.0,-4.0,0,1,0,1.0
1947,9.0,1.0,1,0,0,1.0
1948,1.0,6.0,1,0,0,1.0
1949,1.0,10.0,1,0,0,0.0
1950,5.0,-1.0,1,0,0,1.0
1951,7.0,-7.0,1,0,0,1.0
1952,12.0,5.0,0,1,0,0.0
1953,1.0,2.0,1,0,0,1.0
1954,57.0,-14.0,0,1,0,0.0
1955,5.0,9.0,1,0,0,1.0
1956,0.0,-10.0,0,1,0,1.0
1957,-8.0,12.0,1,0,0,1.0
1958,-4.0,-5.0,1,0,0,1.0
1959,49.0,-25.0,0,1,0,1.0
1960,28.0,1.0,0,1,0,1.0
1961,13.0,-7.0,1,0,0,1.0
1962,-1.0,5.0,1,0,0,1.0
1963,0.0,-7.0,1,0,0,1.0
1964,2.0,-12.0,0,1,0,1.0
1965,-5.0,3.0,1,0,0,1.0
1966,12.0,-3.0,1,0,0,1.0
1967,5.0,-3.0,1,0,0,1.0
1968,11.0,0.0,0,1,0,1.0
1969,-5.0,5.0,1,0,0,1.0
1970,4.0,15.0,1,0,0,1.0
1971,10.0,18.0,1,0,0,1.0
1972,-6.0,-12.0,0,1,0,1.0
1973,0.0,-8.0,1,0,0,1.0
1974,10.0,-17.0,0,1,0,1.0
1975,12.0,0.0,0,1,0,1.0
1976,-3.0,12.0,1,0,0,1.0
1977,3.0,14.0,0,1,0,1.0
1978,-9.0,-6.0,0,1,0,1.0
1979,-6.0,-4.0,1,0,0,1.0
1980,6.0,-8.0,0,1,0,1.0
1981,30.0,12.0,0,0,1,1.0
1982,23.0,-6.0,1,0,0,1.0
1983,6.0,2.0,1,0,0,1.0
1984,6.0,7.0,1,0,0,1.0
1985,-8.0,-8.0,1,0,0,1.0
1986,13.0,-1.0,1,0,0,1.0
1987,1.0,-11.0,0,1,0,1.0
1988,61.0,10.0,1,0,0,1.0
1989,15.0,3.0,1,0,0,1.0
1990,1.0,10.0,0,1,0,1.0
1991,14.0,-13.0,0,1,0,1.0
1992,14.0,-12.0,0,1,0,1.0
1993,-9.0,4.0,1,0,0,1.0
1994,10.0,-1.0,1,0,0,1.0
1995,-6.0,2.0,1,0,0,1.0
1996,9.0,-8.0,0,1,0,1.0
1997,58.0,9.0,0,1,0,0.0
1998,1.0,-12.0,0,1,0,1.0
1999,64.0,-6.0,0,1,0,1.0
2000,-4.0,11.0,1,0,0,1.0
2001,6.0,-13.0,1,0,0,1.0
2002,-4.0,6.0,1,0,0,1.0
2003,9.0,21.0,1,0,0,1.0
2004,3.0,13.0,1,0,0,1.0
2005,11.0,-12.0,0,1,0,1.0
2006,56.0,13.0,0,1,0,1.0
2007,-7.0,3.0,1,0,0,1.0
2008,9.0,-5.0,1,0,0,1.0
2009,9.0,-1.0,1,0,0,1.0
2010,-8.0,-5.0,0,1,0,1.0
2011,2.0,-16.0,0,1,0,1.0
2012,20.0,-13.0,1,0,0,1.0
2013,47.0,8.0,0,1,0,1.0
2014,6.0,8.0,1,0,0,1.0
2015,-1.0,-8.0,1,0,0,1.0
2016,-4.0,-13.0,1,0,0,1.0
2017,3.0,15.0,1,0,0,1.0
2018,4.0,-12.0,0,1,0,1.0
2019,6.0,-11.0,0,1,0,1.0
2020,-6.0,10.0,1,0,0,1.0
2021,18.0,-11.0,0,1,0,1.0
2022,-7.0,9.0,0,1,0,1.0
2023,3.0,15.0,0,1,0,1.0
2024,4.0,9.0,1,0,0,1.0
2025,44.0,-15.0,0,1,0,1.0
2026,14.0,10.0,1,0,0,1.0
2027,9.0,4.0,1,0,0,1.0
2028,-6.0,-36.0,0,1,0,1.0
2029,19.0,-1.0,1,0,0,1.0
2030,11.0,8.0,1,0,0,1.0
2031,-6.0,5.0,1,0,0,1.0
2032,0.0,14.0,1,0,0,1.0
2033,10.0,11.0,1,0,0,1.0
2034,4.0,-30.0,0,1,0,1.0
2035,9.0,4.0,1,0,0,1.0
2036,4.0,-4.0,1,0,0,1.0
2037,7.0,-4.0,1,0,0,1.0
2038,73.0,-13.0,1,0,0,0.0
2039,-1.0,-13.0,1,0,0,1.0
2040,0.0,-14.0,0,1,0,1.0
2041,-2.0,10.0,1,0,0,1.0
2042,3.0,13.0,1,0,0,1.0
2043,-6.0,-20.0,0,1,0,1.0
2044,19.0,-11.0,0,1,0,1.0
2045,-5.0,15.0,1,0,0,1.0
2046,13.0,6.0,0,1,0,1.0
2047,0.0,8.0,1,0,0,1.0
2048,-6.0,-6.0,0,1,0,1.0
2049,5.0,-15.0,0,1,0,1.0
2050,8.0,-9.0,0,1,0,1.0
2051,53.0,16.0,0,1,0,1.0
